"","id","city"
"1","110000","北京市"
"2","110101","东城区"
"3","110102","西城区"
"4","110105","朝阳区"
"5","110106","丰台区"
"6","110107","石景山区"
"7","110108","海淀区"
"8","110109","门头沟区"
"9","110111","房山区"
"10","110112","通州区"
"11","110113","顺义区"
"12","110114","昌平区"
"13","110115","大兴区"
"14","110116","怀柔区"
"15","110117","平谷区"
"16","110118","密云区"
"17","110119","延庆区"
"18","120000","天津市"
"19","120101","和平区"
"20","120102","河东区"
"21","120103","河西区"
"22","120104","南开区"
"23","120105","河北区"
"24","120106","红桥区"
"25","120110","东丽区"
"26","120111","西青区"
"27","120112","津南区"
"28","120113","北辰区"
"29","120114","武清区"
"30","120115","宝坻区"
"31","120116","滨海新区"
"32","120117","宁河区"
"33","120118","静海区"
"34","120119","蓟州区"
"35","130000","河北省"
"36","130100","石家庄市"
"37","130102","长安区"
"38","130104","桥西区"
"39","130105","新华区"
"40","130107","井陉矿区"
"41","130108","裕华区"
"42","130109","藁城区"
"43","130110","鹿泉区"
"44","130111","栾城区"
"45","130121","井陉县"
"46","130123","正定县"
"47","130125","行唐县"
"48","130126","灵寿县"
"49","130127","高邑县"
"50","130128","深泽县"
"51","130129","赞皇县"
"52","130130","无极县"
"53","130131","平山县"
"54","130132","元氏县"
"55","130133","赵县"
"56","130181","辛集市"
"57","130183","晋州市"
"58","130184","新乐市"
"59","130200","唐山市"
"60","130202","路南区"
"61","130203","路北区"
"62","130204","古冶区"
"63","130205","开平区"
"64","130207","丰南区"
"65","130208","丰润区"
"66","130209","曹妃甸区"
"67","130224","滦南县"
"68","130225","乐亭县"
"69","130227","迁西县"
"70","130229","玉田县"
"71","130281","遵化市"
"72","130283","迁安市"
"73","130284","滦州市"
"74","130300","秦皇岛市"
"75","130302","海港区"
"76","130303","山海关区"
"77","130304","北戴河区"
"78","130306","抚宁区"
"79","130321","青龙满族自治县"
"80","130322","昌黎县"
"81","130324","卢龙县"
"82","130400","邯郸市"
"83","130402","邯山区"
"84","130403","丛台区"
"85","130404","复兴区"
"86","130406","峰峰矿区"
"87","130407","肥乡区"
"88","130408","永年区"
"89","130423","临漳县"
"90","130424","成安县"
"91","130425","大名县"
"92","130426","涉县"
"93","130427","磁县"
"94","130430","邱县"
"95","130431","鸡泽县"
"96","130432","广平县"
"97","130433","馆陶县"
"98","130434","魏县"
"99","130435","曲周县"
"100","130481","武安市"
"101","130500","邢台市"
"102","130502","桥东区"
"103","130503","桥西区"
"104","130521","邢台县"
"105","130522","临城县"
"106","130523","内丘县"
"107","130524","柏乡县"
"108","130525","隆尧县"
"109","130526","任县"
"110","130527","南和县"
"111","130528","宁晋县"
"112","130529","巨鹿县"
"113","130530","新河县"
"114","130531","广宗县"
"115","130532","平乡县"
"116","130533","威县"
"117","130534","清河县"
"118","130535","临西县"
"119","130581","南宫市"
"120","130582","沙河市"
"121","130600","保定市"
"122","130602","竞秀区"
"123","130606","莲池区"
"124","130607","满城区"
"125","130608","清苑区"
"126","130609","徐水区"
"127","130623","涞水县"
"128","130624","阜平县"
"129","130626","定兴县"
"130","130627","唐县"
"131","130628","高阳县"
"132","130629","容城县"
"133","130630","涞源县"
"134","130631","望都县"
"135","130632","安新县"
"136","130633","易县"
"137","130634","曲阳县"
"138","130635","蠡县"
"139","130636","顺平县"
"140","130637","博野县"
"141","130638","雄县"
"142","130681","涿州市"
"143","130682","定州市"
"144","130683","安国市"
"145","130684","高碑店市"
"146","130700","张家口市"
"147","130702","桥东区"
"148","130703","桥西区"
"149","130705","宣化区"
"150","130706","下花园区"
"151","130708","万全区"
"152","130709","崇礼区"
"153","130722","张北县"
"154","130723","康保县"
"155","130724","沽源县"
"156","130725","尚义县"
"157","130726","蔚县"
"158","130727","阳原县"
"159","130728","怀安县"
"160","130730","怀来县"
"161","130731","涿鹿县"
"162","130732","赤城县"
"163","130800","承德市"
"164","130802","双桥区"
"165","130803","双滦区"
"166","130804","鹰手营子矿区"
"167","130821","承德县"
"168","130822","兴隆县"
"169","130824","滦平县"
"170","130825","隆化县"
"171","130826","丰宁满族自治县"
"172","130827","宽城满族自治县"
"173","130828","围场满族蒙古族自治县"
"174","130881","平泉市"
"175","130900","沧州市"
"176","130902","新华区"
"177","130903","运河区"
"178","130921","沧县"
"179","130922","青县"
"180","130923","东光县"
"181","130924","海兴县"
"182","130925","盐山县"
"183","130926","肃宁县"
"184","130927","南皮县"
"185","130928","吴桥县"
"186","130929","献县"
"187","130930","孟村回族自治县"
"188","130981","泊头市"
"189","130982","任丘市"
"190","130983","黄骅市"
"191","130984","河间市"
"192","131000","廊坊市"
"193","131002","安次区"
"194","131003","广阳区"
"195","131022","固安县"
"196","131023","永清县"
"197","131024","香河县"
"198","131025","大城县"
"199","131026","文安县"
"200","131028","大厂回族自治县"
"201","131081","霸州市"
"202","131082","三河市"
"203","131100","衡水市"
"204","131102","桃城区"
"205","131103","冀州区"
"206","131121","枣强县"
"207","131122","武邑县"
"208","131123","武强县"
"209","131124","饶阳县"
"210","131125","安平县"
"211","131126","故城县"
"212","131127","景县"
"213","131128","阜城县"
"214","131182","深州市"
"215","140000","山西省"
"216","140100","太原市"
"217","140105","小店区"
"218","140106","迎泽区"
"219","140107","杏花岭区"
"220","140108","尖草坪区"
"221","140109","万柏林区"
"222","140110","晋源区"
"223","140121","清徐县"
"224","140122","阳曲县"
"225","140123","娄烦县"
"226","140181","古交市"
"227","140200","大同市"
"228","140212","新荣区"
"229","140213","平城区"
"230","140214","云冈区"
"231","140215","云州区"
"232","140221","阳高县"
"233","140222","天镇县"
"234","140223","广灵县"
"235","140224","灵丘县"
"236","140225","浑源县"
"237","140226","左云县"
"238","140300","阳泉市"
"239","140302","城区"
"240","140303","矿区"
"241","140311","郊区"
"242","140321","平定县"
"243","140322","盂县"
"244","140400","长治市"
"245","140403","潞州区"
"246","140404","上党区"
"247","140405","屯留区"
"248","140406","潞城区"
"249","140423","襄垣县"
"250","140425","平顺县"
"251","140426","黎城县"
"252","140427","壶关县"
"253","140428","长子县"
"254","140429","武乡县"
"255","140430","沁县"
"256","140431","沁源县"
"257","140500","晋城市"
"258","140502","城区"
"259","140521","沁水县"
"260","140522","阳城县"
"261","140524","陵川县"
"262","140525","泽州县"
"263","140581","高平市"
"264","140600","朔州市"
"265","140602","朔城区"
"266","140603","平鲁区"
"267","140621","山阴县"
"268","140622","应县"
"269","140623","右玉县"
"270","140681","怀仁市"
"271","140700","晋中市"
"272","140702","榆次区"
"273","140721","榆社县"
"274","140722","左权县"
"275","140723","和顺县"
"276","140724","昔阳县"
"277","140725","寿阳县"
"278","140726","太谷县"
"279","140727","祁县"
"280","140728","平遥县"
"281","140729","灵石县"
"282","140781","介休市"
"283","140800","运城市"
"284","140802","盐湖区"
"285","140821","临猗县"
"286","140822","万荣县"
"287","140823","闻喜县"
"288","140824","稷山县"
"289","140825","新绛县"
"290","140826","绛县"
"291","140827","垣曲县"
"292","140828","夏县"
"293","140829","平陆县"
"294","140830","芮城县"
"295","140881","永济市"
"296","140882","河津市"
"297","140900","忻州市"
"298","140902","忻府区"
"299","140921","定襄县"
"300","140922","五台县"
"301","140923","代县"
"302","140924","繁峙县"
"303","140925","宁武县"
"304","140926","静乐县"
"305","140927","神池县"
"306","140928","五寨县"
"307","140929","岢岚县"
"308","140930","河曲县"
"309","140931","保德县"
"310","140932","偏关县"
"311","140981","原平市"
"312","141000","临汾市"
"313","141002","尧都区"
"314","141021","曲沃县"
"315","141022","翼城县"
"316","141023","襄汾县"
"317","141024","洪洞县"
"318","141025","古县"
"319","141026","安泽县"
"320","141027","浮山县"
"321","141028","吉县"
"322","141029","乡宁县"
"323","141030","大宁县"
"324","141031","隰县"
"325","141032","永和县"
"326","141033","蒲县"
"327","141034","汾西县"
"328","141081","侯马市"
"329","141082","霍州市"
"330","141100","吕梁市"
"331","141102","离石区"
"332","141121","文水县"
"333","141122","交城县"
"334","141123","兴县"
"335","141124","临县"
"336","141125","柳林县"
"337","141126","石楼县"
"338","141127","岚县"
"339","141128","方山县"
"340","141129","中阳县"
"341","141130","交口县"
"342","141181","孝义市"
"343","141182","汾阳市"
"344","150000","内蒙古自治区"
"345","150100","呼和浩特市"
"346","150102","新城区"
"347","150103","回民区"
"348","150104","玉泉区"
"349","150105","赛罕区"
"350","150121","土默特左旗"
"351","150122","托克托县"
"352","150123","和林格尔县"
"353","150124","清水河县"
"354","150125","武川县"
"355","150200","包头市"
"356","150202","东河区"
"357","150203","昆都仑区"
"358","150204","青山区"
"359","150205","石拐区"
"360","150206","白云鄂博矿区"
"361","150207","九原区"
"362","150221","土默特右旗"
"363","150222","固阳县"
"364","150223","达尔罕茂明安联合旗"
"365","150300","乌海市"
"366","150302","海勃湾区"
"367","150303","海南区"
"368","150304","乌达区"
"369","150400","赤峰市"
"370","150402","红山区"
"371","150403","元宝山区"
"372","150404","松山区"
"373","150421","阿鲁科尔沁旗"
"374","150422","巴林左旗"
"375","150423","巴林右旗"
"376","150424","林西县"
"377","150425","克什克腾旗"
"378","150426","翁牛特旗"
"379","150428","喀喇沁旗"
"380","150429","宁城县"
"381","150430","敖汉旗"
"382","150500","通辽市"
"383","150502","科尔沁区"
"384","150521","科尔沁左翼中旗"
"385","150522","科尔沁左翼后旗"
"386","150523","开鲁县"
"387","150524","库伦旗"
"388","150525","奈曼旗"
"389","150526","扎鲁特旗"
"390","150581","霍林郭勒市"
"391","150600","鄂尔多斯市"
"392","150602","东胜区"
"393","150603","康巴什区"
"394","150621","达拉特旗"
"395","150622","准格尔旗"
"396","150623","鄂托克前旗"
"397","150624","鄂托克旗"
"398","150625","杭锦旗"
"399","150626","乌审旗"
"400","150627","伊金霍洛旗"
"401","150700","呼伦贝尔市"
"402","150702","海拉尔区"
"403","150703","扎赉诺尔区"
"404","150721","阿荣旗"
"405","150722","莫力达瓦达斡尔族自治旗"
"406","150723","鄂伦春自治旗"
"407","150724","鄂温克族自治旗"
"408","150725","陈巴尔虎旗"
"409","150726","新巴尔虎左旗"
"410","150727","新巴尔虎右旗"
"411","150781","满洲里市"
"412","150782","牙克石市"
"413","150783","扎兰屯市"
"414","150784","额尔古纳市"
"415","150785","根河市"
"416","150800","巴彦淖尔市"
"417","150802","临河区"
"418","150821","五原县"
"419","150822","磴口县"
"420","150823","乌拉特前旗"
"421","150824","乌拉特中旗"
"422","150825","乌拉特后旗"
"423","150826","杭锦后旗"
"424","150900","乌兰察布市"
"425","150902","集宁区"
"426","150921","卓资县"
"427","150922","化德县"
"428","150923","商都县"
"429","150924","兴和县"
"430","150925","凉城县"
"431","150926","察哈尔右翼前旗"
"432","150927","察哈尔右翼中旗"
"433","150928","察哈尔右翼后旗"
"434","150929","四子王旗"
"435","150981","丰镇市"
"436","152200","兴安盟"
"437","152201","乌兰浩特市"
"438","152202","阿尔山市"
"439","152221","科尔沁右翼前旗"
"440","152222","科尔沁右翼中旗"
"441","152223","扎赉特旗"
"442","152224","突泉县"
"443","152500","锡林郭勒盟"
"444","152501","二连浩特市"
"445","152502","锡林浩特市"
"446","152522","阿巴嘎旗"
"447","152523","苏尼特左旗"
"448","152524","苏尼特右旗"
"449","152525","东乌珠穆沁旗"
"450","152526","西乌珠穆沁旗"
"451","152527","太仆寺旗"
"452","152528","镶黄旗"
"453","152529","正镶白旗"
"454","152530","正蓝旗"
"455","152531","多伦县"
"456","152900","阿拉善盟"
"457","152921","阿拉善左旗"
"458","152922","阿拉善右旗"
"459","152923","额济纳旗"
"460","210000","辽宁省"
"461","210100","沈阳市"
"462","210102","和平区"
"463","210103","沈河区"
"464","210104","大东区"
"465","210105","皇姑区"
"466","210106","铁西区"
"467","210111","苏家屯区"
"468","210112","浑南区"
"469","210113","沈北新区"
"470","210114","于洪区"
"471","210115","辽中区"
"472","210123","康平县"
"473","210124","法库县"
"474","210181","新民市"
"475","210200","大连市"
"476","210202","中山区"
"477","210203","西岗区"
"478","210204","沙河口区"
"479","210211","甘井子区"
"480","210212","旅顺口区"
"481","210213","金州区"
"482","210214","普兰店区"
"483","210224","长海县"
"484","210281","瓦房店市"
"485","210283","庄河市"
"486","210300","鞍山市"
"487","210302","铁东区"
"488","210303","铁西区"
"489","210304","立山区"
"490","210311","千山区"
"491","210321","台安县"
"492","210323","岫岩满族自治县"
"493","210381","海城市"
"494","210400","抚顺市"
"495","210402","新抚区"
"496","210403","东洲区"
"497","210404","望花区"
"498","210411","顺城区"
"499","210421","抚顺县"
"500","210422","新宾满族自治县"
"501","210423","清原满族自治县"
"502","210500","本溪市"
"503","210502","平山区"
"504","210503","溪湖区"
"505","210504","明山区"
"506","210505","南芬区"
"507","210521","本溪满族自治县"
"508","210522","桓仁满族自治县"
"509","210600","丹东市"
"510","210602","元宝区"
"511","210603","振兴区"
"512","210604","振安区"
"513","210624","宽甸满族自治县"
"514","210681","东港市"
"515","210682","凤城市"
"516","210700","锦州市"
"517","210702","古塔区"
"518","210703","凌河区"
"519","210711","太和区"
"520","210726","黑山县"
"521","210727","义县"
"522","210781","凌海市"
"523","210782","北镇市"
"524","210800","营口市"
"525","210802","站前区"
"526","210803","西市区"
"527","210804","鲅鱼圈区"
"528","210811","老边区"
"529","210881","盖州市"
"530","210882","大石桥市"
"531","210900","阜新市"
"532","210902","海州区"
"533","210903","新邱区"
"534","210904","太平区"
"535","210905","清河门区"
"536","210911","细河区"
"537","210921","阜新蒙古族自治县"
"538","210922","彰武县"
"539","211000","辽阳市"
"540","211002","白塔区"
"541","211003","文圣区"
"542","211004","宏伟区"
"543","211005","弓长岭区"
"544","211011","太子河区"
"545","211021","辽阳县"
"546","211081","灯塔市"
"547","211100","盘锦市"
"548","211102","双台子区"
"549","211103","兴隆台区"
"550","211104","大洼区"
"551","211122","盘山县"
"552","211200","铁岭市"
"553","211202","银州区"
"554","211204","清河区"
"555","211221","铁岭县"
"556","211223","西丰县"
"557","211224","昌图县"
"558","211281","调兵山市"
"559","211282","开原市"
"560","211300","朝阳市"
"561","211302","双塔区"
"562","211303","龙城区"
"563","211321","朝阳县"
"564","211322","建平县"
"565","211324","喀喇沁左翼蒙古族自治县"
"566","211381","北票市"
"567","211382","凌源市"
"568","211400","葫芦岛市"
"569","211402","连山区"
"570","211403","龙港区"
"571","211404","南票区"
"572","211421","绥中县"
"573","211422","建昌县"
"574","211481","兴城市"
"575","220000","吉林省"
"576","220100","长春市"
"577","220102","南关区"
"578","220103","宽城区"
"579","220104","朝阳区"
"580","220105","二道区"
"581","220106","绿园区"
"582","220112","双阳区"
"583","220113","九台区"
"584","220122","农安县"
"585","220182","榆树市"
"586","220183","德惠市"
"587","220200","吉林市"
"588","220202","昌邑区"
"589","220203","龙潭区"
"590","220204","船营区"
"591","220211","丰满区"
"592","220221","永吉县"
"593","220281","蛟河市"
"594","220282","桦甸市"
"595","220283","舒兰市"
"596","220284","磐石市"
"597","220300","四平市"
"598","220302","铁西区"
"599","220303","铁东区"
"600","220322","梨树县"
"601","220323","伊通满族自治县"
"602","220381","公主岭市"
"603","220382","双辽市"
"604","220400","辽源市"
"605","220402","龙山区"
"606","220403","西安区"
"607","220421","东丰县"
"608","220422","东辽县"
"609","220500","通化市"
"610","220502","东昌区"
"611","220503","二道江区"
"612","220521","通化县"
"613","220523","辉南县"
"614","220524","柳河县"
"615","220581","梅河口市"
"616","220582","集安市"
"617","220600","白山市"
"618","220602","浑江区"
"619","220605","江源区"
"620","220621","抚松县"
"621","220622","靖宇县"
"622","220623","长白朝鲜族自治县"
"623","220681","临江市"
"624","220700","松原市"
"625","220702","宁江区"
"626","220721","前郭尔罗斯蒙古族自治县"
"627","220722","长岭县"
"628","220723","乾安县"
"629","220781","扶余市"
"630","220800","白城市"
"631","220802","洮北区"
"632","220821","镇赉县"
"633","220822","通榆县"
"634","220881","洮南市"
"635","220882","大安市"
"636","222400","延边朝鲜族自治州"
"637","222401","延吉市"
"638","222402","图们市"
"639","222403","敦化市"
"640","222404","珲春市"
"641","222405","龙井市"
"642","222406","和龙市"
"643","222424","汪清县"
"644","222426","安图县"
"645","230000","黑龙江省"
"646","230100","哈尔滨市"
"647","230102","道里区"
"648","230103","南岗区"
"649","230104","道外区"
"650","230108","平房区"
"651","230109","松北区"
"652","230110","香坊区"
"653","230111","呼兰区"
"654","230112","阿城区"
"655","230113","双城区"
"656","230123","依兰县"
"657","230124","方正县"
"658","230125","宾县"
"659","230126","巴彦县"
"660","230127","木兰县"
"661","230128","通河县"
"662","230129","延寿县"
"663","230183","尚志市"
"664","230184","五常市"
"665","230200","齐齐哈尔市"
"666","230202","龙沙区"
"667","230203","建华区"
"668","230204","铁锋区"
"669","230205","昂昂溪区"
"670","230206","富拉尔基区"
"671","230207","碾子山区"
"672","230208","梅里斯达斡尔族区"
"673","230221","龙江县"
"674","230223","依安县"
"675","230224","泰来县"
"676","230225","甘南县"
"677","230227","富裕县"
"678","230229","克山县"
"679","230230","克东县"
"680","230231","拜泉县"
"681","230281","讷河市"
"682","230300","鸡西市"
"683","230302","鸡冠区"
"684","230303","恒山区"
"685","230304","滴道区"
"686","230305","梨树区"
"687","230306","城子河区"
"688","230307","麻山区"
"689","230321","鸡东县"
"690","230381","虎林市"
"691","230382","密山市"
"692","230400","鹤岗市"
"693","230402","向阳区"
"694","230403","工农区"
"695","230404","南山区"
"696","230405","兴安区"
"697","230406","东山区"
"698","230407","兴山区"
"699","230421","萝北县"
"700","230422","绥滨县"
"701","230500","双鸭山市"
"702","230502","尖山区"
"703","230503","岭东区"
"704","230505","四方台区"
"705","230506","宝山区"
"706","230521","集贤县"
"707","230522","友谊县"
"708","230523","宝清县"
"709","230524","饶河县"
"710","230600","大庆市"
"711","230602","萨尔图区"
"712","230603","龙凤区"
"713","230604","让胡路区"
"714","230605","红岗区"
"715","230606","大同区"
"716","230621","肇州县"
"717","230622","肇源县"
"718","230623","林甸县"
"719","230624","杜尔伯特蒙古族自治县"
"720","230700","伊春市"
"721","230702","伊春区"
"722","230703","南岔区"
"723","230704","友好区"
"724","230705","西林区"
"725","230706","翠峦区"
"726","230707","新青区"
"727","230708","美溪区"
"728","230709","金山屯区"
"729","230710","五营区"
"730","230711","乌马河区"
"731","230712","汤旺河区"
"732","230713","带岭区"
"733","230714","乌伊岭区"
"734","230715","红星区"
"735","230716","上甘岭区"
"736","230722","嘉荫县"
"737","230781","铁力市"
"738","230800","佳木斯市"
"739","230803","向阳区"
"740","230804","前进区"
"741","230805","东风区"
"742","230811","郊区"
"743","230822","桦南县"
"744","230826","桦川县"
"745","230828","汤原县"
"746","230881","同江市"
"747","230882","富锦市"
"748","230883","抚远市"
"749","230900","七台河市"
"750","230902","新兴区"
"751","230903","桃山区"
"752","230904","茄子河区"
"753","230921","勃利县"
"754","231000","牡丹江市"
"755","231002","东安区"
"756","231003","阳明区"
"757","231004","爱民区"
"758","231005","西安区"
"759","231025","林口县"
"760","231081","绥芬河市"
"761","231083","海林市"
"762","231084","宁安市"
"763","231085","穆棱市"
"764","231086","东宁市"
"765","231100","黑河市"
"766","231102","爱辉区"
"767","231121","嫩江县"
"768","231123","逊克县"
"769","231124","孙吴县"
"770","231181","北安市"
"771","231182","五大连池市"
"772","231200","绥化市"
"773","231202","北林区"
"774","231221","望奎县"
"775","231222","兰西县"
"776","231223","青冈县"
"777","231224","庆安县"
"778","231225","明水县"
"779","231226","绥棱县"
"780","231281","安达市"
"781","231282","肇东市"
"782","231283","海伦市"
"783","232700","大兴安岭地区"
"784","232701","漠河市"
"785","232721","呼玛县"
"786","232722","塔河县"
"787","310000","上海市"
"788","310101","黄浦区"
"789","310104","徐汇区"
"790","310105","长宁区"
"791","310106","静安区"
"792","310107","普陀区"
"793","310109","虹口区"
"794","310110","杨浦区"
"795","310112","闵行区"
"796","310113","宝山区"
"797","310114","嘉定区"
"798","310115","浦东新区"
"799","310116","金山区"
"800","310117","松江区"
"801","310118","青浦区"
"802","310120","奉贤区"
"803","310151","崇明区"
"804","320000","江苏省"
"805","320100","南京市"
"806","320102","玄武区"
"807","320104","秦淮区"
"808","320105","建邺区"
"809","320106","鼓楼区"
"810","320111","浦口区"
"811","320113","栖霞区"
"812","320114","雨花台区"
"813","320115","江宁区"
"814","320116","六合区"
"815","320117","溧水区"
"816","320118","高淳区"
"817","320200","无锡市"
"818","320205","锡山区"
"819","320206","惠山区"
"820","320211","滨湖区"
"821","320213","梁溪区"
"822","320214","新吴区"
"823","320281","江阴市"
"824","320282","宜兴市"
"825","320300","徐州市"
"826","320302","鼓楼区"
"827","320303","云龙区"
"828","320305","贾汪区"
"829","320311","泉山区"
"830","320312","铜山区"
"831","320321","丰县"
"832","320322","沛县"
"833","320324","睢宁县"
"834","320381","新沂市"
"835","320382","邳州市"
"836","320400","常州市"
"837","320402","天宁区"
"838","320404","钟楼区"
"839","320411","新北区"
"840","320412","武进区"
"841","320413","金坛区"
"842","320481","溧阳市"
"843","320500","苏州市"
"844","320505","虎丘区"
"845","320506","吴中区"
"846","320507","相城区"
"847","320508","姑苏区"
"848","320509","吴江区"
"849","320581","常熟市"
"850","320582","张家港市"
"851","320583","昆山市"
"852","320585","太仓市"
"853","320600","南通市"
"854","320602","崇川区"
"855","320611","港闸区"
"856","320612","通州区"
"857","320623","如东县"
"858","320681","启东市"
"859","320682","如皋市"
"860","320684","海门市"
"861","320685","海安市"
"862","320700","连云港市"
"863","320703","连云区"
"864","320706","海州区"
"865","320707","赣榆区"
"866","320722","东海县"
"867","320723","灌云县"
"868","320724","灌南县"
"869","320800","淮安市"
"870","320803","淮安区"
"871","320804","淮阴区"
"872","320812","清江浦区"
"873","320813","洪泽区"
"874","320826","涟水县"
"875","320830","盱眙县"
"876","320831","金湖县"
"877","320900","盐城市"
"878","320902","亭湖区"
"879","320903","盐都区"
"880","320904","大丰区"
"881","320921","响水县"
"882","320922","滨海县"
"883","320923","阜宁县"
"884","320924","射阳县"
"885","320925","建湖县"
"886","320981","东台市"
"887","321000","扬州市"
"888","321002","广陵区"
"889","321003","邗江区"
"890","321012","江都区"
"891","321023","宝应县"
"892","321081","仪征市"
"893","321084","高邮市"
"894","321100","镇江市"
"895","321102","京口区"
"896","321111","润州区"
"897","321112","丹徒区"
"898","321181","丹阳市"
"899","321182","扬中市"
"900","321183","句容市"
"901","321200","泰州市"
"902","321202","海陵区"
"903","321203","高港区"
"904","321204","姜堰区"
"905","321281","兴化市"
"906","321282","靖江市"
"907","321283","泰兴市"
"908","321300","宿迁市"
"909","321302","宿城区"
"910","321311","宿豫区"
"911","321322","沭阳县"
"912","321323","泗阳县"
"913","321324","泗洪县"
"914","330000","浙江省"
"915","330100","杭州市"
"916","330102","上城区"
"917","330103","下城区"
"918","330104","江干区"
"919","330105","拱墅区"
"920","330106","西湖区"
"921","330108","滨江区"
"922","330109","萧山区"
"923","330110","余杭区"
"924","330111","富阳区"
"925","330112","临安区"
"926","330122","桐庐县"
"927","330127","淳安县"
"928","330182","建德市"
"929","330200","宁波市"
"930","330203","海曙区"
"931","330205","江北区"
"932","330206","北仑区"
"933","330211","镇海区"
"934","330212","鄞州区"
"935","330213","奉化区"
"936","330225","象山县"
"937","330226","宁海县"
"938","330281","余姚市"
"939","330282","慈溪市"
"940","330300","温州市"
"941","330302","鹿城区"
"942","330303","龙湾区"
"943","330304","瓯海区"
"944","330305","洞头区"
"945","330324","永嘉县"
"946","330326","平阳县"
"947","330327","苍南县"
"948","330328","文成县"
"949","330329","泰顺县"
"950","330381","瑞安市"
"951","330382","乐清市"
"952","330400","嘉兴市"
"953","330402","南湖区"
"954","330411","秀洲区"
"955","330421","嘉善县"
"956","330424","海盐县"
"957","330481","海宁市"
"958","330482","平湖市"
"959","330483","桐乡市"
"960","330500","湖州市"
"961","330502","吴兴区"
"962","330503","南浔区"
"963","330521","德清县"
"964","330522","长兴县"
"965","330523","安吉县"
"966","330600","绍兴市"
"967","330602","越城区"
"968","330603","柯桥区"
"969","330604","上虞区"
"970","330624","新昌县"
"971","330681","诸暨市"
"972","330683","嵊州市"
"973","330700","金华市"
"974","330702","婺城区"
"975","330703","金东区"
"976","330723","武义县"
"977","330726","浦江县"
"978","330727","磐安县"
"979","330781","兰溪市"
"980","330782","义乌市"
"981","330783","东阳市"
"982","330784","永康市"
"983","330800","衢州市"
"984","330802","柯城区"
"985","330803","衢江区"
"986","330822","常山县"
"987","330824","开化县"
"988","330825","龙游县"
"989","330881","江山市"
"990","330900","舟山市"
"991","330902","定海区"
"992","330903","普陀区"
"993","330921","岱山县"
"994","330922","嵊泗县"
"995","331000","台州市"
"996","331002","椒江区"
"997","331003","黄岩区"
"998","331004","路桥区"
"999","331022","三门县"
"1000","331023","天台县"
"1001","331024","仙居县"
"1002","331081","温岭市"
"1003","331082","临海市"
"1004","331083","玉环市"
"1005","331100","丽水市"
"1006","331102","莲都区"
"1007","331121","青田县"
"1008","331122","缙云县"
"1009","331123","遂昌县"
"1010","331124","松阳县"
"1011","331125","云和县"
"1012","331126","庆元县"
"1013","331127","景宁畲族自治县"
"1014","331181","龙泉市"
"1015","340000","安徽省"
"1016","340100","合肥市"
"1017","340102","瑶海区"
"1018","340103","庐阳区"
"1019","340104","蜀山区"
"1020","340111","包河区"
"1021","340121","长丰县"
"1022","340122","肥东县"
"1023","340123","肥西县"
"1024","340124","庐江县"
"1025","340181","巢湖市"
"1026","340200","芜湖市"
"1027","340202","镜湖区"
"1028","340203","弋江区"
"1029","340207","鸠江区"
"1030","340208","三山区"
"1031","340221","芜湖县"
"1032","340222","繁昌县"
"1033","340223","南陵县"
"1034","340225","无为县"
"1035","340300","蚌埠市"
"1036","340302","龙子湖区"
"1037","340303","蚌山区"
"1038","340304","禹会区"
"1039","340311","淮上区"
"1040","340321","怀远县"
"1041","340322","五河县"
"1042","340323","固镇县"
"1043","340400","淮南市"
"1044","340402","大通区"
"1045","340403","田家庵区"
"1046","340404","谢家集区"
"1047","340405","八公山区"
"1048","340406","潘集区"
"1049","340421","凤台县"
"1050","340422","寿县"
"1051","340500","马鞍山市"
"1052","340503","花山区"
"1053","340504","雨山区"
"1054","340506","博望区"
"1055","340521","当涂县"
"1056","340522","含山县"
"1057","340523","和县"
"1058","340600","淮北市"
"1059","340602","杜集区"
"1060","340603","相山区"
"1061","340604","烈山区"
"1062","340621","濉溪县"
"1063","340700","铜陵市"
"1064","340705","铜官区"
"1065","340706","义安区"
"1066","340711","郊区"
"1067","340722","枞阳县"
"1068","340800","安庆市"
"1069","340802","迎江区"
"1070","340803","大观区"
"1071","340811","宜秀区"
"1072","340822","怀宁县"
"1073","340825","太湖县"
"1074","340826","宿松县"
"1075","340827","望江县"
"1076","340828","岳西县"
"1077","340881","桐城市"
"1078","340882","潜山市"
"1079","341000","黄山市"
"1080","341002","屯溪区"
"1081","341003","黄山区"
"1082","341004","徽州区"
"1083","341021","歙县"
"1084","341022","休宁县"
"1085","341023","黟县"
"1086","341024","祁门县"
"1087","341100","滁州市"
"1088","341102","琅琊区"
"1089","341103","南谯区"
"1090","341122","来安县"
"1091","341124","全椒县"
"1092","341125","定远县"
"1093","341126","凤阳县"
"1094","341181","天长市"
"1095","341182","明光市"
"1096","341200","阜阳市"
"1097","341202","颍州区"
"1098","341203","颍东区"
"1099","341204","颍泉区"
"1100","341221","临泉县"
"1101","341222","太和县"
"1102","341225","阜南县"
"1103","341226","颍上县"
"1104","341282","界首市"
"1105","341300","宿州市"
"1106","341302","埇桥区"
"1107","341321","砀山县"
"1108","341322","萧县"
"1109","341323","灵璧县"
"1110","341324","泗县"
"1111","341500","六安市"
"1112","341502","金安区"
"1113","341503","裕安区"
"1114","341504","叶集区"
"1115","341522","霍邱县"
"1116","341523","舒城县"
"1117","341524","金寨县"
"1118","341525","霍山县"
"1119","341600","亳州市"
"1120","341602","谯城区"
"1121","341621","涡阳县"
"1122","341622","蒙城县"
"1123","341623","利辛县"
"1124","341700","池州市"
"1125","341702","贵池区"
"1126","341721","东至县"
"1127","341722","石台县"
"1128","341723","青阳县"
"1129","341800","宣城市"
"1130","341802","宣州区"
"1131","341821","郎溪县"
"1132","341822","广德县"
"1133","341823","泾县"
"1134","341824","绩溪县"
"1135","341825","旌德县"
"1136","341881","宁国市"
"1137","350000","福建省"
"1138","350100","福州市"
"1139","350102","鼓楼区"
"1140","350103","台江区"
"1141","350104","仓山区"
"1142","350105","马尾区"
"1143","350111","晋安区"
"1144","350112","长乐区"
"1145","350121","闽侯县"
"1146","350122","连江县"
"1147","350123","罗源县"
"1148","350124","闽清县"
"1149","350125","永泰县"
"1150","350128","平潭县"
"1151","350181","福清市"
"1152","350200","厦门市"
"1153","350203","思明区"
"1154","350205","海沧区"
"1155","350206","湖里区"
"1156","350211","集美区"
"1157","350212","同安区"
"1158","350213","翔安区"
"1159","350300","莆田市"
"1160","350302","城厢区"
"1161","350303","涵江区"
"1162","350304","荔城区"
"1163","350305","秀屿区"
"1164","350322","仙游县"
"1165","350400","三明市"
"1166","350402","梅列区"
"1167","350403","三元区"
"1168","350421","明溪县"
"1169","350423","清流县"
"1170","350424","宁化县"
"1171","350425","大田县"
"1172","350426","尤溪县"
"1173","350427","沙县"
"1174","350428","将乐县"
"1175","350429","泰宁县"
"1176","350430","建宁县"
"1177","350481","永安市"
"1178","350500","泉州市"
"1179","350502","鲤城区"
"1180","350503","丰泽区"
"1181","350504","洛江区"
"1182","350505","泉港区"
"1183","350521","惠安县"
"1184","350524","安溪县"
"1185","350525","永春县"
"1186","350526","德化县"
"1187","350527","金门县"
"1188","350581","石狮市"
"1189","350582","晋江市"
"1190","350583","南安市"
"1191","350600","漳州市"
"1192","350602","芗城区"
"1193","350603","龙文区"
"1194","350622","云霄县"
"1195","350623","漳浦县"
"1196","350624","诏安县"
"1197","350625","长泰县"
"1198","350626","东山县"
"1199","350627","南靖县"
"1200","350628","平和县"
"1201","350629","华安县"
"1202","350681","龙海市"
"1203","350700","南平市"
"1204","350702","延平区"
"1205","350703","建阳区"
"1206","350721","顺昌县"
"1207","350722","浦城县"
"1208","350723","光泽县"
"1209","350724","松溪县"
"1210","350725","政和县"
"1211","350781","邵武市"
"1212","350782","武夷山市"
"1213","350783","建瓯市"
"1214","350800","龙岩市"
"1215","350802","新罗区"
"1216","350803","永定区"
"1217","350821","长汀县"
"1218","350823","上杭县"
"1219","350824","武平县"
"1220","350825","连城县"
"1221","350881","漳平市"
"1222","350900","宁德市"
"1223","350902","蕉城区"
"1224","350921","霞浦县"
"1225","350922","古田县"
"1226","350923","屏南县"
"1227","350924","寿宁县"
"1228","350925","周宁县"
"1229","350926","柘荣县"
"1230","350981","福安市"
"1231","350982","福鼎市"
"1232","360000","江西省"
"1233","360100","南昌市"
"1234","360102","东湖区"
"1235","360103","西湖区"
"1236","360104","青云谱区"
"1237","360105","湾里区"
"1238","360111","青山湖区"
"1239","360112","新建区"
"1240","360121","南昌县"
"1241","360123","安义县"
"1242","360124","进贤县"
"1243","360200","景德镇市"
"1244","360202","昌江区"
"1245","360203","珠山区"
"1246","360222","浮梁县"
"1247","360281","乐平市"
"1248","360300","萍乡市"
"1249","360302","安源区"
"1250","360313","湘东区"
"1251","360321","莲花县"
"1252","360322","上栗县"
"1253","360323","芦溪县"
"1254","360400","九江市"
"1255","360402","濂溪区"
"1256","360403","浔阳区"
"1257","360404","柴桑区"
"1258","360423","武宁县"
"1259","360424","修水县"
"1260","360425","永修县"
"1261","360426","德安县"
"1262","360428","都昌县"
"1263","360429","湖口县"
"1264","360430","彭泽县"
"1265","360481","瑞昌市"
"1266","360482","共青城市"
"1267","360483","庐山市"
"1268","360500","新余市"
"1269","360502","渝水区"
"1270","360521","分宜县"
"1271","360600","鹰潭市"
"1272","360602","月湖区"
"1273","360603","余江区"
"1274","360681","贵溪市"
"1275","360700","赣州市"
"1276","360702","章贡区"
"1277","360703","南康区"
"1278","360704","赣县区"
"1279","360722","信丰县"
"1280","360723","大余县"
"1281","360724","上犹县"
"1282","360725","崇义县"
"1283","360726","安远县"
"1284","360727","龙南县"
"1285","360728","定南县"
"1286","360729","全南县"
"1287","360730","宁都县"
"1288","360731","于都县"
"1289","360732","兴国县"
"1290","360733","会昌县"
"1291","360734","寻乌县"
"1292","360735","石城县"
"1293","360781","瑞金市"
"1294","360800","吉安市"
"1295","360802","吉州区"
"1296","360803","青原区"
"1297","360821","吉安县"
"1298","360822","吉水县"
"1299","360823","峡江县"
"1300","360824","新干县"
"1301","360825","永丰县"
"1302","360826","泰和县"
"1303","360827","遂川县"
"1304","360828","万安县"
"1305","360829","安福县"
"1306","360830","永新县"
"1307","360881","井冈山市"
"1308","360900","宜春市"
"1309","360902","袁州区"
"1310","360921","奉新县"
"1311","360922","万载县"
"1312","360923","上高县"
"1313","360924","宜丰县"
"1314","360925","靖安县"
"1315","360926","铜鼓县"
"1316","360981","丰城市"
"1317","360982","樟树市"
"1318","360983","高安市"
"1319","361000","抚州市"
"1320","361002","临川区"
"1321","361003","东乡区"
"1322","361021","南城县"
"1323","361022","黎川县"
"1324","361023","南丰县"
"1325","361024","崇仁县"
"1326","361025","乐安县"
"1327","361026","宜黄县"
"1328","361027","金溪县"
"1329","361028","资溪县"
"1330","361030","广昌县"
"1331","361100","上饶市"
"1332","361102","信州区"
"1333","361103","广丰区"
"1334","361121","上饶县"
"1335","361123","玉山县"
"1336","361124","铅山县"
"1337","361125","横峰县"
"1338","361126","弋阳县"
"1339","361127","余干县"
"1340","361128","鄱阳县"
"1341","361129","万年县"
"1342","361130","婺源县"
"1343","361181","德兴市"
"1344","370000","山东省"
"1345","370100","济南市"
"1346","370102","历下区"
"1347","370103","市中区"
"1348","370104","槐荫区"
"1349","370105","天桥区"
"1350","370112","历城区"
"1351","370113","长清区"
"1352","370114","章丘区"
"1353","370115","济阳区"
"1354","370116","莱芜区"
"1355","370117","钢城区"
"1356","370124","平阴县"
"1357","370126","商河县"
"1358","370200","青岛市"
"1359","370202","市南区"
"1360","370203","市北区"
"1361","370211","黄岛区"
"1362","370212","崂山区"
"1363","370213","李沧区"
"1364","370214","城阳区"
"1365","370215","即墨区"
"1366","370281","胶州市"
"1367","370283","平度市"
"1368","370285","莱西市"
"1369","370300","淄博市"
"1370","370302","淄川区"
"1371","370303","张店区"
"1372","370304","博山区"
"1373","370305","临淄区"
"1374","370306","周村区"
"1375","370321","桓台县"
"1376","370322","高青县"
"1377","370323","沂源县"
"1378","370400","枣庄市"
"1379","370402","市中区"
"1380","370403","薛城区"
"1381","370404","峄城区"
"1382","370405","台儿庄区"
"1383","370406","山亭区"
"1384","370481","滕州市"
"1385","370500","东营市"
"1386","370502","东营区"
"1387","370503","河口区"
"1388","370505","垦利区"
"1389","370522","利津县"
"1390","370523","广饶县"
"1391","370600","烟台市"
"1392","370602","芝罘区"
"1393","370611","福山区"
"1394","370612","牟平区"
"1395","370613","莱山区"
"1396","370634","长岛县"
"1397","370681","龙口市"
"1398","370682","莱阳市"
"1399","370683","莱州市"
"1400","370684","蓬莱市"
"1401","370685","招远市"
"1402","370686","栖霞市"
"1403","370687","海阳市"
"1404","370700","潍坊市"
"1405","370702","潍城区"
"1406","370703","寒亭区"
"1407","370704","坊子区"
"1408","370705","奎文区"
"1409","370724","临朐县"
"1410","370725","昌乐县"
"1411","370781","青州市"
"1412","370782","诸城市"
"1413","370783","寿光市"
"1414","370784","安丘市"
"1415","370785","高密市"
"1416","370786","昌邑市"
"1417","370800","济宁市"
"1418","370811","任城区"
"1419","370812","兖州区"
"1420","370826","微山县"
"1421","370827","鱼台县"
"1422","370828","金乡县"
"1423","370829","嘉祥县"
"1424","370830","汶上县"
"1425","370831","泗水县"
"1426","370832","梁山县"
"1427","370881","曲阜市"
"1428","370883","邹城市"
"1429","370900","泰安市"
"1430","370902","泰山区"
"1431","370911","岱岳区"
"1432","370921","宁阳县"
"1433","370923","东平县"
"1434","370982","新泰市"
"1435","370983","肥城市"
"1436","371000","威海市"
"1437","371002","环翠区"
"1438","371003","文登区"
"1439","371082","荣成市"
"1440","371083","乳山市"
"1441","371100","日照市"
"1442","371102","东港区"
"1443","371103","岚山区"
"1444","371121","五莲县"
"1445","371122","莒县"
"1446","371300","临沂市"
"1447","371302","兰山区"
"1448","371311","罗庄区"
"1449","371312","河东区"
"1450","371321","沂南县"
"1451","371322","郯城县"
"1452","371323","沂水县"
"1453","371324","兰陵县"
"1454","371325","费县"
"1455","371326","平邑县"
"1456","371327","莒南县"
"1457","371328","蒙阴县"
"1458","371329","临沭县"
"1459","371400","德州市"
"1460","371402","德城区"
"1461","371403","陵城区"
"1462","371422","宁津县"
"1463","371423","庆云县"
"1464","371424","临邑县"
"1465","371425","齐河县"
"1466","371426","平原县"
"1467","371427","夏津县"
"1468","371428","武城县"
"1469","371481","乐陵市"
"1470","371482","禹城市"
"1471","371500","聊城市"
"1472","371502","东昌府区"
"1473","371521","阳谷县"
"1474","371522","莘县"
"1475","371523","茌平县"
"1476","371524","东阿县"
"1477","371525","冠县"
"1478","371526","高唐县"
"1479","371581","临清市"
"1480","371600","滨州市"
"1481","371602","滨城区"
"1482","371603","沾化区"
"1483","371621","惠民县"
"1484","371622","阳信县"
"1485","371623","无棣县"
"1486","371625","博兴县"
"1487","371681","邹平市"
"1488","371700","菏泽市"
"1489","371702","牡丹区"
"1490","371703","定陶区"
"1491","371721","曹县"
"1492","371722","单县"
"1493","371723","成武县"
"1494","371724","巨野县"
"1495","371725","郓城县"
"1496","371726","鄄城县"
"1497","371728","东明县"
"1498","410000","河南省"
"1499","410100","郑州市"
"1500","410102","中原区"
"1501","410103","二七区"
"1502","410104","管城回族区"
"1503","410105","金水区"
"1504","410106","上街区"
"1505","410108","惠济区"
"1506","410122","中牟县"
"1507","410181","巩义市"
"1508","410182","荥阳市"
"1509","410183","新密市"
"1510","410184","新郑市"
"1511","410185","登封市"
"1512","410200","开封市"
"1513","410202","龙亭区"
"1514","410203","顺河回族区"
"1515","410204","鼓楼区"
"1516","410205","禹王台区"
"1517","410212","祥符区"
"1518","410221","杞县"
"1519","410222","通许县"
"1520","410223","尉氏县"
"1521","410225","兰考县"
"1522","410300","洛阳市"
"1523","410302","老城区"
"1524","410303","西工区"
"1525","410304","瀍河回族区"
"1526","410305","涧西区"
"1527","410306","吉利区"
"1528","410311","洛龙区"
"1529","410322","孟津县"
"1530","410323","新安县"
"1531","410324","栾川县"
"1532","410325","嵩县"
"1533","410326","汝阳县"
"1534","410327","宜阳县"
"1535","410328","洛宁县"
"1536","410329","伊川县"
"1537","410381","偃师市"
"1538","410400","平顶山市"
"1539","410402","新华区"
"1540","410403","卫东区"
"1541","410404","石龙区"
"1542","410411","湛河区"
"1543","410421","宝丰县"
"1544","410422","叶县"
"1545","410423","鲁山县"
"1546","410425","郏县"
"1547","410481","舞钢市"
"1548","410482","汝州市"
"1549","410500","安阳市"
"1550","410502","文峰区"
"1551","410503","北关区"
"1552","410505","殷都区"
"1553","410506","龙安区"
"1554","410522","安阳县"
"1555","410523","汤阴县"
"1556","410526","滑县"
"1557","410527","内黄县"
"1558","410581","林州市"
"1559","410600","鹤壁市"
"1560","410602","鹤山区"
"1561","410603","山城区"
"1562","410611","淇滨区"
"1563","410621","浚县"
"1564","410622","淇县"
"1565","410700","新乡市"
"1566","410702","红旗区"
"1567","410703","卫滨区"
"1568","410704","凤泉区"
"1569","410711","牧野区"
"1570","410721","新乡县"
"1571","410724","获嘉县"
"1572","410725","原阳县"
"1573","410726","延津县"
"1574","410727","封丘县"
"1575","410728","长垣县"
"1576","410781","卫辉市"
"1577","410782","辉县市"
"1578","410800","焦作市"
"1579","410802","解放区"
"1580","410803","中站区"
"1581","410804","马村区"
"1582","410811","山阳区"
"1583","410821","修武县"
"1584","410822","博爱县"
"1585","410823","武陟县"
"1586","410825","温县"
"1587","410882","沁阳市"
"1588","410883","孟州市"
"1589","410900","濮阳市"
"1590","410902","华龙区"
"1591","410922","清丰县"
"1592","410923","南乐县"
"1593","410926","范县"
"1594","410927","台前县"
"1595","410928","濮阳县"
"1596","411000","许昌市"
"1597","411002","魏都区"
"1598","411003","建安区"
"1599","411024","鄢陵县"
"1600","411025","襄城县"
"1601","411081","禹州市"
"1602","411082","长葛市"
"1603","411100","漯河市"
"1604","411102","源汇区"
"1605","411103","郾城区"
"1606","411104","召陵区"
"1607","411121","舞阳县"
"1608","411122","临颍县"
"1609","411200","三门峡市"
"1610","411202","湖滨区"
"1611","411203","陕州区"
"1612","411221","渑池县"
"1613","411224","卢氏县"
"1614","411281","义马市"
"1615","411282","灵宝市"
"1616","411300","南阳市"
"1617","411302","宛城区"
"1618","411303","卧龙区"
"1619","411321","南召县"
"1620","411322","方城县"
"1621","411323","西峡县"
"1622","411324","镇平县"
"1623","411325","内乡县"
"1624","411326","淅川县"
"1625","411327","社旗县"
"1626","411328","唐河县"
"1627","411329","新野县"
"1628","411330","桐柏县"
"1629","411381","邓州市"
"1630","411400","商丘市"
"1631","411402","梁园区"
"1632","411403","睢阳区"
"1633","411421","民权县"
"1634","411422","睢县"
"1635","411423","宁陵县"
"1636","411424","柘城县"
"1637","411425","虞城县"
"1638","411426","夏邑县"
"1639","411481","永城市"
"1640","411500","信阳市"
"1641","411502","浉河区"
"1642","411503","平桥区"
"1643","411521","罗山县"
"1644","411522","光山县"
"1645","411523","新县"
"1646","411524","商城县"
"1647","411525","固始县"
"1648","411526","潢川县"
"1649","411527","淮滨县"
"1650","411528","息县"
"1651","411600","周口市"
"1652","411602","川汇区"
"1653","411621","扶沟县"
"1654","411622","西华县"
"1655","411623","商水县"
"1656","411624","沈丘县"
"1657","411625","郸城县"
"1658","411626","淮阳县"
"1659","411627","太康县"
"1660","411628","鹿邑县"
"1661","411681","项城市"
"1662","411700","驻马店市"
"1663","411702","驿城区"
"1664","411721","西平县"
"1665","411722","上蔡县"
"1666","411723","平舆县"
"1667","411724","正阳县"
"1668","411725","确山县"
"1669","411726","泌阳县"
"1670","411727","汝南县"
"1671","411728","遂平县"
"1672","411729","新蔡县"
"1673","419001","济源市"
"1674","420000","湖北省"
"1675","420100","武汉市"
"1676","420102","江岸区"
"1677","420103","江汉区"
"1678","420104","硚口区"
"1679","420105","汉阳区"
"1680","420106","武昌区"
"1681","420107","青山区"
"1682","420111","洪山区"
"1683","420112","东西湖区"
"1684","420113","汉南区"
"1685","420114","蔡甸区"
"1686","420115","江夏区"
"1687","420116","黄陂区"
"1688","420117","新洲区"
"1689","420200","黄石市"
"1690","420202","黄石港区"
"1691","420203","西塞山区"
"1692","420204","下陆区"
"1693","420205","铁山区"
"1694","420222","阳新县"
"1695","420281","大冶市"
"1696","420300","十堰市"
"1697","420302","茅箭区"
"1698","420303","张湾区"
"1699","420304","郧阳区"
"1700","420322","郧西县"
"1701","420323","竹山县"
"1702","420324","竹溪县"
"1703","420325","房县"
"1704","420381","丹江口市"
"1705","420500","宜昌市"
"1706","420502","西陵区"
"1707","420503","伍家岗区"
"1708","420504","点军区"
"1709","420505","猇亭区"
"1710","420506","夷陵区"
"1711","420525","远安县"
"1712","420526","兴山县"
"1713","420527","秭归县"
"1714","420528","长阳土家族自治县"
"1715","420529","五峰土家族自治县"
"1716","420581","宜都市"
"1717","420582","当阳市"
"1718","420583","枝江市"
"1719","420600","襄阳市"
"1720","420602","襄城区"
"1721","420606","樊城区"
"1722","420607","襄州区"
"1723","420624","南漳县"
"1724","420625","谷城县"
"1725","420626","保康县"
"1726","420682","老河口市"
"1727","420683","枣阳市"
"1728","420684","宜城市"
"1729","420700","鄂州市"
"1730","420702","梁子湖区"
"1731","420703","华容区"
"1732","420704","鄂城区"
"1733","420800","荆门市"
"1734","420802","东宝区"
"1735","420804","掇刀区"
"1736","420822","沙洋县"
"1737","420881","钟祥市"
"1738","420882","京山市"
"1739","420900","孝感市"
"1740","420902","孝南区"
"1741","420921","孝昌县"
"1742","420922","大悟县"
"1743","420923","云梦县"
"1744","420981","应城市"
"1745","420982","安陆市"
"1746","420984","汉川市"
"1747","421000","荆州市"
"1748","421002","沙市区"
"1749","421003","荆州区"
"1750","421022","公安县"
"1751","421023","监利县"
"1752","421024","江陵县"
"1753","421081","石首市"
"1754","421083","洪湖市"
"1755","421087","松滋市"
"1756","421100","黄冈市"
"1757","421102","黄州区"
"1758","421121","团风县"
"1759","421122","红安县"
"1760","421123","罗田县"
"1761","421124","英山县"
"1762","421125","浠水县"
"1763","421126","蕲春县"
"1764","421127","黄梅县"
"1765","421181","麻城市"
"1766","421182","武穴市"
"1767","421200","咸宁市"
"1768","421202","咸安区"
"1769","421221","嘉鱼县"
"1770","421222","通城县"
"1771","421223","崇阳县"
"1772","421224","通山县"
"1773","421281","赤壁市"
"1774","421300","随州市"
"1775","421303","曾都区"
"1776","421321","随县"
"1777","421381","广水市"
"1778","422800","恩施土家族苗族自治州"
"1779","422801","恩施市"
"1780","422802","利川市"
"1781","422822","建始县"
"1782","422823","巴东县"
"1783","422825","宣恩县"
"1784","422826","咸丰县"
"1785","422827","来凤县"
"1786","422828","鹤峰县"
"1787","429004","仙桃市"
"1788","429005","潜江市"
"1789","429006","天门市"
"1790","429021","神农架林区"
"1791","430000","湖南省"
"1792","430100","长沙市"
"1793","430102","芙蓉区"
"1794","430103","天心区"
"1795","430104","岳麓区"
"1796","430105","开福区"
"1797","430111","雨花区"
"1798","430112","望城区"
"1799","430121","长沙县"
"1800","430181","浏阳市"
"1801","430182","宁乡市"
"1802","430200","株洲市"
"1803","430202","荷塘区"
"1804","430203","芦淞区"
"1805","430204","石峰区"
"1806","430211","天元区"
"1807","430212","渌口区"
"1808","430223","攸县"
"1809","430224","茶陵县"
"1810","430225","炎陵县"
"1811","430281","醴陵市"
"1812","430300","湘潭市"
"1813","430302","雨湖区"
"1814","430304","岳塘区"
"1815","430321","湘潭县"
"1816","430381","湘乡市"
"1817","430382","韶山市"
"1818","430400","衡阳市"
"1819","430405","珠晖区"
"1820","430406","雁峰区"
"1821","430407","石鼓区"
"1822","430408","蒸湘区"
"1823","430412","南岳区"
"1824","430421","衡阳县"
"1825","430422","衡南县"
"1826","430423","衡山县"
"1827","430424","衡东县"
"1828","430426","祁东县"
"1829","430481","耒阳市"
"1830","430482","常宁市"
"1831","430500","邵阳市"
"1832","430502","双清区"
"1833","430503","大祥区"
"1834","430511","北塔区"
"1835","430521","邵东县"
"1836","430522","新邵县"
"1837","430523","邵阳县"
"1838","430524","隆回县"
"1839","430525","洞口县"
"1840","430527","绥宁县"
"1841","430528","新宁县"
"1842","430529","城步苗族自治县"
"1843","430581","武冈市"
"1844","430600","岳阳市"
"1845","430602","岳阳楼区"
"1846","430603","云溪区"
"1847","430611","君山区"
"1848","430621","岳阳县"
"1849","430623","华容县"
"1850","430624","湘阴县"
"1851","430626","平江县"
"1852","430681","汨罗市"
"1853","430682","临湘市"
"1854","430700","常德市"
"1855","430702","武陵区"
"1856","430703","鼎城区"
"1857","430721","安乡县"
"1858","430722","汉寿县"
"1859","430723","澧县"
"1860","430724","临澧县"
"1861","430725","桃源县"
"1862","430726","石门县"
"1863","430781","津市市"
"1864","430800","张家界市"
"1865","430802","永定区"
"1866","430811","武陵源区"
"1867","430821","慈利县"
"1868","430822","桑植县"
"1869","430900","益阳市"
"1870","430902","资阳区"
"1871","430903","赫山区"
"1872","430921","南县"
"1873","430922","桃江县"
"1874","430923","安化县"
"1875","430981","沅江市"
"1876","431000","郴州市"
"1877","431002","北湖区"
"1878","431003","苏仙区"
"1879","431021","桂阳县"
"1880","431022","宜章县"
"1881","431023","永兴县"
"1882","431024","嘉禾县"
"1883","431025","临武县"
"1884","431026","汝城县"
"1885","431027","桂东县"
"1886","431028","安仁县"
"1887","431081","资兴市"
"1888","431100","永州市"
"1889","431102","零陵区"
"1890","431103","冷水滩区"
"1891","431121","祁阳县"
"1892","431122","东安县"
"1893","431123","双牌县"
"1894","431124","道县"
"1895","431125","江永县"
"1896","431126","宁远县"
"1897","431127","蓝山县"
"1898","431128","新田县"
"1899","431129","江华瑶族自治县"
"1900","431200","怀化市"
"1901","431202","鹤城区"
"1902","431221","中方县"
"1903","431222","沅陵县"
"1904","431223","辰溪县"
"1905","431224","溆浦县"
"1906","431225","会同县"
"1907","431226","麻阳苗族自治县"
"1908","431227","新晃侗族自治县"
"1909","431228","芷江侗族自治县"
"1910","431229","靖州苗族侗族自治县"
"1911","431230","通道侗族自治县"
"1912","431281","洪江市"
"1913","431300","娄底市"
"1914","431302","娄星区"
"1915","431321","双峰县"
"1916","431322","新化县"
"1917","431381","冷水江市"
"1918","431382","涟源市"
"1919","433100","湘西土家族苗族自治州"
"1920","433101","吉首市"
"1921","433122","泸溪县"
"1922","433123","凤凰县"
"1923","433124","花垣县"
"1924","433125","保靖县"
"1925","433126","古丈县"
"1926","433127","永顺县"
"1927","433130","龙山县"
"1928","440000","广东省"
"1929","440100","广州市"
"1930","440103","荔湾区"
"1931","440104","越秀区"
"1932","440105","海珠区"
"1933","440106","天河区"
"1934","440111","白云区"
"1935","440112","黄埔区"
"1936","440113","番禺区"
"1937","440114","花都区"
"1938","440115","南沙区"
"1939","440117","从化区"
"1940","440118","增城区"
"1941","440200","韶关市"
"1942","440203","武江区"
"1943","440204","浈江区"
"1944","440205","曲江区"
"1945","440222","始兴县"
"1946","440224","仁化县"
"1947","440229","翁源县"
"1948","440232","乳源瑶族自治县"
"1949","440233","新丰县"
"1950","440281","乐昌市"
"1951","440282","南雄市"
"1952","440300","深圳市"
"1953","440303","罗湖区"
"1954","440304","福田区"
"1955","440305","南山区"
"1956","440306","宝安区"
"1957","440307","龙岗区"
"1958","440308","盐田区"
"1959","440309","龙华区"
"1960","440310","坪山区"
"1961","440311","光明区"
"1962","440400","珠海市"
"1963","440402","香洲区"
"1964","440403","斗门区"
"1965","440404","金湾区"
"1966","440500","汕头市"
"1967","440507","龙湖区"
"1968","440511","金平区"
"1969","440512","濠江区"
"1970","440513","潮阳区"
"1971","440514","潮南区"
"1972","440515","澄海区"
"1973","440523","南澳县"
"1974","440600","佛山市"
"1975","440604","禅城区"
"1976","440605","南海区"
"1977","440606","顺德区"
"1978","440607","三水区"
"1979","440608","高明区"
"1980","440700","江门市"
"1981","440703","蓬江区"
"1982","440704","江海区"
"1983","440705","新会区"
"1984","440781","台山市"
"1985","440783","开平市"
"1986","440784","鹤山市"
"1987","440785","恩平市"
"1988","440800","湛江市"
"1989","440802","赤坎区"
"1990","440803","霞山区"
"1991","440804","坡头区"
"1992","440811","麻章区"
"1993","440823","遂溪县"
"1994","440825","徐闻县"
"1995","440881","廉江市"
"1996","440882","雷州市"
"1997","440883","吴川市"
"1998","440900","茂名市"
"1999","440902","茂南区"
"2000","440904","电白区"
"2001","440981","高州市"
"2002","440982","化州市"
"2003","440983","信宜市"
"2004","441200","肇庆市"
"2005","441202","端州区"
"2006","441203","鼎湖区"
"2007","441204","高要区"
"2008","441223","广宁县"
"2009","441224","怀集县"
"2010","441225","封开县"
"2011","441226","德庆县"
"2012","441284","四会市"
"2013","441300","惠州市"
"2014","441302","惠城区"
"2015","441303","惠阳区"
"2016","441322","博罗县"
"2017","441323","惠东县"
"2018","441324","龙门县"
"2019","441400","梅州市"
"2020","441402","梅江区"
"2021","441403","梅县区"
"2022","441422","大埔县"
"2023","441423","丰顺县"
"2024","441424","五华县"
"2025","441426","平远县"
"2026","441427","蕉岭县"
"2027","441481","兴宁市"
"2028","441500","汕尾市"
"2029","441502","城区"
"2030","441521","海丰县"
"2031","441523","陆河县"
"2032","441581","陆丰市"
"2033","441600","河源市"
"2034","441602","源城区"
"2035","441621","紫金县"
"2036","441622","龙川县"
"2037","441623","连平县"
"2038","441624","和平县"
"2039","441625","东源县"
"2040","441700","阳江市"
"2041","441702","江城区"
"2042","441704","阳东区"
"2043","441721","阳西县"
"2044","441781","阳春市"
"2045","441800","清远市"
"2046","441802","清城区"
"2047","441803","清新区"
"2048","441821","佛冈县"
"2049","441823","阳山县"
"2050","441825","连山壮族瑶族自治县"
"2051","441826","连南瑶族自治县"
"2052","441881","英德市"
"2053","441882","连州市"
"2054","441900","东莞市"
"2055","442000","中山市"
"2056","445100","潮州市"
"2057","445102","湘桥区"
"2058","445103","潮安区"
"2059","445122","饶平县"
"2060","445200","揭阳市"
"2061","445202","榕城区"
"2062","445203","揭东区"
"2063","445222","揭西县"
"2064","445224","惠来县"
"2065","445281","普宁市"
"2066","445300","云浮市"
"2067","445302","云城区"
"2068","445303","云安区"
"2069","445321","新兴县"
"2070","445322","郁南县"
"2071","445381","罗定市"
"2072","450000","广西壮族自治区"
"2073","450100","南宁市"
"2074","450102","兴宁区"
"2075","450103","青秀区"
"2076","450105","江南区"
"2077","450107","西乡塘区"
"2078","450108","良庆区"
"2079","450109","邕宁区"
"2080","450110","武鸣区"
"2081","450123","隆安县"
"2082","450124","马山县"
"2083","450125","上林县"
"2084","450126","宾阳县"
"2085","450127","横县"
"2086","450200","柳州市"
"2087","450202","城中区"
"2088","450203","鱼峰区"
"2089","450204","柳南区"
"2090","450205","柳北区"
"2091","450206","柳江区"
"2092","450222","柳城县"
"2093","450223","鹿寨县"
"2094","450224","融安县"
"2095","450225","融水苗族自治县"
"2096","450226","三江侗族自治县"
"2097","450300","桂林市"
"2098","450302","秀峰区"
"2099","450303","叠彩区"
"2100","450304","象山区"
"2101","450305","七星区"
"2102","450311","雁山区"
"2103","450312","临桂区"
"2104","450321","阳朔县"
"2105","450323","灵川县"
"2106","450324","全州县"
"2107","450325","兴安县"
"2108","450326","永福县"
"2109","450327","灌阳县"
"2110","450328","龙胜各族自治县"
"2111","450329","资源县"
"2112","450330","平乐县"
"2113","450381","荔浦市"
"2114","450332","恭城瑶族自治县"
"2115","450400","梧州市"
"2116","450403","万秀区"
"2117","450405","长洲区"
"2118","450406","龙圩区"
"2119","450421","苍梧县"
"2120","450422","藤县"
"2121","450423","蒙山县"
"2122","450481","岑溪市"
"2123","450500","北海市"
"2124","450502","海城区"
"2125","450503","银海区"
"2126","450512","铁山港区"
"2127","450521","合浦县"
"2128","450600","防城港市"
"2129","450602","港口区"
"2130","450603","防城区"
"2131","450621","上思县"
"2132","450681","东兴市"
"2133","450700","钦州市"
"2134","450702","钦南区"
"2135","450703","钦北区"
"2136","450721","灵山县"
"2137","450722","浦北县"
"2138","450800","贵港市"
"2139","450802","港北区"
"2140","450803","港南区"
"2141","450804","覃塘区"
"2142","450821","平南县"
"2143","450881","桂平市"
"2144","450900","玉林市"
"2145","450902","玉州区"
"2146","450903","福绵区"
"2147","450921","容县"
"2148","450922","陆川县"
"2149","450923","博白县"
"2150","450924","兴业县"
"2151","450981","北流市"
"2152","451000","百色市"
"2153","451002","右江区"
"2154","451021","田阳县"
"2155","451022","田东县"
"2156","451023","平果县"
"2157","451024","德保县"
"2158","451026","那坡县"
"2159","451027","凌云县"
"2160","451028","乐业县"
"2161","451029","田林县"
"2162","451030","西林县"
"2163","451031","隆林各族自治县"
"2164","451081","靖西市"
"2165","451100","贺州市"
"2166","451102","八步区"
"2167","451103","平桂区"
"2168","451121","昭平县"
"2169","451122","钟山县"
"2170","451123","富川瑶族自治县"
"2171","451200","河池市"
"2172","451202","金城江区"
"2173","451203","宜州区"
"2174","451221","南丹县"
"2175","451222","天峨县"
"2176","451223","凤山县"
"2177","451224","东兰县"
"2178","451225","罗城仫佬族自治县"
"2179","451226","环江毛南族自治县"
"2180","451227","巴马瑶族自治县"
"2181","451228","都安瑶族自治县"
"2182","451229","大化瑶族自治县"
"2183","451300","来宾市"
"2184","451302","兴宾区"
"2185","451321","忻城县"
"2186","451322","象州县"
"2187","451323","武宣县"
"2188","451324","金秀瑶族自治县"
"2189","451381","合山市"
"2190","451400","崇左市"
"2191","451402","江州区"
"2192","451421","扶绥县"
"2193","451422","宁明县"
"2194","451423","龙州县"
"2195","451424","大新县"
"2196","451425","天等县"
"2197","451481","凭祥市"
"2198","460000","海南省"
"2199","460100","海口市"
"2200","460105","秀英区"
"2201","460106","龙华区"
"2202","460107","琼山区"
"2203","460108","美兰区"
"2204","460200","三亚市"
"2205","460202","海棠区"
"2206","460203","吉阳区"
"2207","460204","天涯区"
"2208","460205","崖州区"
"2209","460300","三沙市"
"2210","460400","儋州市"
"2211","469001","五指山市"
"2212","469002","琼海市"
"2213","469005","文昌市"
"2214","469006","万宁市"
"2215","469007","东方市"
"2216","469021","定安县"
"2217","469022","屯昌县"
"2218","469023","澄迈县"
"2219","469024","临高县"
"2220","469025","白沙黎族自治县"
"2221","469026","昌江黎族自治县"
"2222","469027","乐东黎族自治县"
"2223","469028","陵水黎族自治县"
"2224","469029","保亭黎族苗族自治县"
"2225","469030","琼中黎族苗族自治县"
"2226","500000","重庆市"
"2227","500101","万州区"
"2228","500102","涪陵区"
"2229","500103","渝中区"
"2230","500104","大渡口区"
"2231","500105","江北区"
"2232","500106","沙坪坝区"
"2233","500107","九龙坡区"
"2234","500108","南岸区"
"2235","500109","北碚区"
"2236","500110","綦江区"
"2237","500111","大足区"
"2238","500112","渝北区"
"2239","500113","巴南区"
"2240","500114","黔江区"
"2241","500115","长寿区"
"2242","500116","江津区"
"2243","500117","合川区"
"2244","500118","永川区"
"2245","500119","南川区"
"2246","500120","璧山区"
"2247","500151","铜梁区"
"2248","500152","潼南区"
"2249","500153","荣昌区"
"2250","500154","开州区"
"2251","500155","梁平区"
"2252","500156","武隆区"
"2253","500229","城口县"
"2254","500230","丰都县"
"2255","500231","垫江县"
"2256","500233","忠县"
"2257","500235","云阳县"
"2258","500236","奉节县"
"2259","500237","巫山县"
"2260","500238","巫溪县"
"2261","500240","石柱土家族自治县"
"2262","500241","秀山土家族苗族自治县"
"2263","500242","酉阳土家族苗族自治县"
"2264","500243","彭水苗族土家族自治县"
"2265","510000","四川省"
"2266","510100","成都市"
"2267","510104","锦江区"
"2268","510105","青羊区"
"2269","510106","金牛区"
"2270","510107","武侯区"
"2271","510108","成华区"
"2272","510112","龙泉驿区"
"2273","510113","青白江区"
"2274","510114","新都区"
"2275","510115","温江区"
"2276","510116","双流区"
"2277","510117","郫都区"
"2278","510121","金堂县"
"2279","510129","大邑县"
"2280","510131","蒲江县"
"2281","510132","新津县"
"2282","510181","都江堰市"
"2283","510182","彭州市"
"2284","510183","邛崃市"
"2285","510184","崇州市"
"2286","510185","简阳市"
"2287","510300","自贡市"
"2288","510302","自流井区"
"2289","510303","贡井区"
"2290","510304","大安区"
"2291","510311","沿滩区"
"2292","510321","荣县"
"2293","510322","富顺县"
"2294","510400","攀枝花市"
"2295","510402","东区"
"2296","510403","西区"
"2297","510411","仁和区"
"2298","510421","米易县"
"2299","510422","盐边县"
"2300","510500","泸州市"
"2301","510502","江阳区"
"2302","510503","纳溪区"
"2303","510504","龙马潭区"
"2304","510521","泸县"
"2305","510522","合江县"
"2306","510524","叙永县"
"2307","510525","古蔺县"
"2308","510600","德阳市"
"2309","510603","旌阳区"
"2310","510604","罗江区"
"2311","510623","中江县"
"2312","510681","广汉市"
"2313","510682","什邡市"
"2314","510683","绵竹市"
"2315","510700","绵阳市"
"2316","510703","涪城区"
"2317","510704","游仙区"
"2318","510705","安州区"
"2319","510722","三台县"
"2320","510723","盐亭县"
"2321","510725","梓潼县"
"2322","510726","北川羌族自治县"
"2323","510727","平武县"
"2324","510781","江油市"
"2325","510800","广元市"
"2326","510802","利州区"
"2327","510811","昭化区"
"2328","510812","朝天区"
"2329","510821","旺苍县"
"2330","510822","青川县"
"2331","510823","剑阁县"
"2332","510824","苍溪县"
"2333","510900","遂宁市"
"2334","510903","船山区"
"2335","510904","安居区"
"2336","510921","蓬溪县"
"2337","510922","射洪县"
"2338","510923","大英县"
"2339","511000","内江市"
"2340","511002","市中区"
"2341","511011","东兴区"
"2342","511024","威远县"
"2343","511025","资中县"
"2344","511083","隆昌市"
"2345","511100","乐山市"
"2346","511102","市中区"
"2347","511111","沙湾区"
"2348","511112","五通桥区"
"2349","511113","金口河区"
"2350","511123","犍为县"
"2351","511124","井研县"
"2352","511126","夹江县"
"2353","511129","沐川县"
"2354","511132","峨边彝族自治县"
"2355","511133","马边彝族自治县"
"2356","511181","峨眉山市"
"2357","511300","南充市"
"2358","511302","顺庆区"
"2359","511303","高坪区"
"2360","511304","嘉陵区"
"2361","511321","南部县"
"2362","511322","营山县"
"2363","511323","蓬安县"
"2364","511324","仪陇县"
"2365","511325","西充县"
"2366","511381","阆中市"
"2367","511400","眉山市"
"2368","511402","东坡区"
"2369","511403","彭山区"
"2370","511421","仁寿县"
"2371","511423","洪雅县"
"2372","511424","丹棱县"
"2373","511425","青神县"
"2374","511500","宜宾市"
"2375","511502","翠屏区"
"2376","511503","南溪区"
"2377","511504","叙州区"
"2378","511523","江安县"
"2379","511524","长宁县"
"2380","511525","高县"
"2381","511526","珙县"
"2382","511527","筠连县"
"2383","511528","兴文县"
"2384","511529","屏山县"
"2385","511600","广安市"
"2386","511602","广安区"
"2387","511603","前锋区"
"2388","511621","岳池县"
"2389","511622","武胜县"
"2390","511623","邻水县"
"2391","511681","华蓥市"
"2392","511700","达州市"
"2393","511702","通川区"
"2394","511703","达川区"
"2395","511722","宣汉县"
"2396","511723","开江县"
"2397","511724","大竹县"
"2398","511725","渠县"
"2399","511781","万源市"
"2400","511800","雅安市"
"2401","511802","雨城区"
"2402","511803","名山区"
"2403","511822","荥经县"
"2404","511823","汉源县"
"2405","511824","石棉县"
"2406","511825","天全县"
"2407","511826","芦山县"
"2408","511827","宝兴县"
"2409","511900","巴中市"
"2410","511902","巴州区"
"2411","511903","恩阳区"
"2412","511921","通江县"
"2413","511922","南江县"
"2414","511923","平昌县"
"2415","512000","资阳市"
"2416","512002","雁江区"
"2417","512021","安岳县"
"2418","512022","乐至县"
"2419","513200","阿坝藏族羌族自治州"
"2420","513201","马尔康市"
"2421","513221","汶川县"
"2422","513222","理县"
"2423","513223","茂县"
"2424","513224","松潘县"
"2425","513225","九寨沟县"
"2426","513226","金川县"
"2427","513227","小金县"
"2428","513228","黑水县"
"2429","513230","壤塘县"
"2430","513231","阿坝县"
"2431","513232","若尔盖县"
"2432","513233","红原县"
"2433","513300","甘孜藏族自治州"
"2434","513301","康定市"
"2435","513322","泸定县"
"2436","513323","丹巴县"
"2437","513324","九龙县"
"2438","513325","雅江县"
"2439","513326","道孚县"
"2440","513327","炉霍县"
"2441","513328","甘孜县"
"2442","513329","新龙县"
"2443","513330","德格县"
"2444","513331","白玉县"
"2445","513332","石渠县"
"2446","513333","色达县"
"2447","513334","理塘县"
"2448","513335","巴塘县"
"2449","513336","乡城县"
"2450","513337","稻城县"
"2451","513338","得荣县"
"2452","513400","凉山彝族自治州"
"2453","513401","西昌市"
"2454","513422","木里藏族自治县"
"2455","513423","盐源县"
"2456","513424","德昌县"
"2457","513425","会理县"
"2458","513426","会东县"
"2459","513427","宁南县"
"2460","513428","普格县"
"2461","513429","布拖县"
"2462","513430","金阳县"
"2463","513431","昭觉县"
"2464","513432","喜德县"
"2465","513433","冕宁县"
"2466","513434","越西县"
"2467","513435","甘洛县"
"2468","513436","美姑县"
"2469","513437","雷波县"
"2470","520000","贵州省"
"2471","520100","贵阳市"
"2472","520102","南明区"
"2473","520103","云岩区"
"2474","520111","花溪区"
"2475","520112","乌当区"
"2476","520113","白云区"
"2477","520115","观山湖区"
"2478","520121","开阳县"
"2479","520122","息烽县"
"2480","520123","修文县"
"2481","520181","清镇市"
"2482","520200","六盘水市"
"2483","520201","钟山区"
"2484","520203","六枝特区"
"2485","520221","水城县"
"2486","520281","盘州市"
"2487","520300","遵义市"
"2488","520302","红花岗区"
"2489","520303","汇川区"
"2490","520304","播州区"
"2491","520322","桐梓县"
"2492","520323","绥阳县"
"2493","520324","正安县"
"2494","520325","道真仡佬族苗族自治县"
"2495","520326","务川仡佬族苗族自治县"
"2496","520327","凤冈县"
"2497","520328","湄潭县"
"2498","520329","余庆县"
"2499","520330","习水县"
"2500","520381","赤水市"
"2501","520382","仁怀市"
"2502","520400","安顺市"
"2503","520402","西秀区"
"2504","520403","平坝区"
"2505","520422","普定县"
"2506","520423","镇宁布依族苗族自治县"
"2507","520424","关岭布依族苗族自治县"
"2508","520425","紫云苗族布依族自治县"
"2509","520500","毕节市"
"2510","520502","七星关区"
"2511","520521","大方县"
"2512","520522","黔西县"
"2513","520523","金沙县"
"2514","520524","织金县"
"2515","520525","纳雍县"
"2516","520526","威宁彝族回族苗族自治县"
"2517","520527","赫章县"
"2518","520600","铜仁市"
"2519","520602","碧江区"
"2520","520603","万山区"
"2521","520621","江口县"
"2522","520622","玉屏侗族自治县"
"2523","520623","石阡县"
"2524","520624","思南县"
"2525","520625","印江土家族苗族自治县"
"2526","520626","德江县"
"2527","520627","沿河土家族自治县"
"2528","520628","松桃苗族自治县"
"2529","522300","黔西南布依族苗族自治州"
"2530","522301","兴义市"
"2531","522302","兴仁市"
"2532","522323","普安县"
"2533","522324","晴隆县"
"2534","522325","贞丰县"
"2535","522326","望谟县"
"2536","522327","册亨县"
"2537","522328","安龙县"
"2538","522600","黔东南苗族侗族自治州"
"2539","522601","凯里市"
"2540","522622","黄平县"
"2541","522623","施秉县"
"2542","522624","三穗县"
"2543","522625","镇远县"
"2544","522626","岑巩县"
"2545","522627","天柱县"
"2546","522628","锦屏县"
"2547","522629","剑河县"
"2548","522630","台江县"
"2549","522631","黎平县"
"2550","522632","榕江县"
"2551","522633","从江县"
"2552","522634","雷山县"
"2553","522635","麻江县"
"2554","522636","丹寨县"
"2555","522700","黔南布依族苗族自治州"
"2556","522701","都匀市"
"2557","522702","福泉市"
"2558","522722","荔波县"
"2559","522723","贵定县"
"2560","522725","瓮安县"
"2561","522726","独山县"
"2562","522727","平塘县"
"2563","522728","罗甸县"
"2564","522729","长顺县"
"2565","522730","龙里县"
"2566","522731","惠水县"
"2567","522732","三都水族自治县"
"2568","530000","云南省"
"2569","530100","昆明市"
"2570","530102","五华区"
"2571","530103","盘龙区"
"2572","530111","官渡区"
"2573","530112","西山区"
"2574","530113","东川区"
"2575","530114","呈贡区"
"2576","530115","晋宁区"
"2577","530124","富民县"
"2578","530125","宜良县"
"2579","530126","石林彝族自治县"
"2580","530127","嵩明县"
"2581","530128","禄劝彝族苗族自治县"
"2582","530129","寻甸回族彝族自治县"
"2583","530181","安宁市"
"2584","530300","曲靖市"
"2585","530302","麒麟区"
"2586","530303","沾益区"
"2587","530304","马龙区"
"2588","530322","陆良县"
"2589","530323","师宗县"
"2590","530324","罗平县"
"2591","530325","富源县"
"2592","530326","会泽县"
"2593","530381","宣威市"
"2594","530400","玉溪市"
"2595","530402","红塔区"
"2596","530403","江川区"
"2597","530422","澄江县"
"2598","530423","通海县"
"2599","530424","华宁县"
"2600","530425","易门县"
"2601","530426","峨山彝族自治县"
"2602","530427","新平彝族傣族自治县"
"2603","530428","元江哈尼族彝族傣族自治县"
"2604","530500","保山市"
"2605","530502","隆阳区"
"2606","530521","施甸县"
"2607","530523","龙陵县"
"2608","530524","昌宁县"
"2609","530581","腾冲市"
"2610","530600","昭通市"
"2611","530602","昭阳区"
"2612","530621","鲁甸县"
"2613","530622","巧家县"
"2614","530623","盐津县"
"2615","530624","大关县"
"2616","530625","永善县"
"2617","530626","绥江县"
"2618","530627","镇雄县"
"2619","530628","彝良县"
"2620","530629","威信县"
"2621","530681","水富市"
"2622","530700","丽江市"
"2623","530702","古城区"
"2624","530721","玉龙纳西族自治县"
"2625","530722","永胜县"
"2626","530723","华坪县"
"2627","530724","宁蒗彝族自治县"
"2628","530800","普洱市"
"2629","530802","思茅区"
"2630","530821","宁洱哈尼族彝族自治县"
"2631","530822","墨江哈尼族自治县"
"2632","530823","景东彝族自治县"
"2633","530824","景谷傣族彝族自治县"
"2634","530825","镇沅彝族哈尼族拉祜族自治县"
"2635","530826","江城哈尼族彝族自治县"
"2636","530827","孟连傣族拉祜族佤族自治县"
"2637","530828","澜沧拉祜族自治县"
"2638","530829","西盟佤族自治县"
"2639","530900","临沧市"
"2640","530902","临翔区"
"2641","530921","凤庆县"
"2642","530922","云县"
"2643","530923","永德县"
"2644","530924","镇康县"
"2645","530925","双江拉祜族佤族布朗族傣族自治县"
"2646","530926","耿马傣族佤族自治县"
"2647","530927","沧源佤族自治县"
"2648","532300","楚雄彝族自治州"
"2649","532301","楚雄市"
"2650","532322","双柏县"
"2651","532323","牟定县"
"2652","532324","南华县"
"2653","532325","姚安县"
"2654","532326","大姚县"
"2655","532327","永仁县"
"2656","532328","元谋县"
"2657","532329","武定县"
"2658","532331","禄丰县"
"2659","532500","红河哈尼族彝族自治州"
"2660","532501","个旧市"
"2661","532502","开远市"
"2662","532503","蒙自市"
"2663","532504","弥勒市"
"2664","532523","屏边苗族自治县"
"2665","532524","建水县"
"2666","532525","石屏县"
"2667","532527","泸西县"
"2668","532528","元阳县"
"2669","532529","红河县"
"2670","532530","金平苗族瑶族傣族自治县"
"2671","532531","绿春县"
"2672","532532","河口瑶族自治县"
"2673","532600","文山壮族苗族自治州"
"2674","532601","文山市"
"2675","532622","砚山县"
"2676","532623","西畴县"
"2677","532624","麻栗坡县"
"2678","532625","马关县"
"2679","532626","丘北县"
"2680","532627","广南县"
"2681","532628","富宁县"
"2682","532800","西双版纳傣族自治州"
"2683","532801","景洪市"
"2684","532822","勐海县"
"2685","532823","勐腊县"
"2686","532900","大理白族自治州"
"2687","532901","大理市"
"2688","532922","漾濞彝族自治县"
"2689","532923","祥云县"
"2690","532924","宾川县"
"2691","532925","弥渡县"
"2692","532926","南涧彝族自治县"
"2693","532927","巍山彝族回族自治县"
"2694","532928","永平县"
"2695","532929","云龙县"
"2696","532930","洱源县"
"2697","532931","剑川县"
"2698","532932","鹤庆县"
"2699","533100","德宏傣族景颇族自治州"
"2700","533102","瑞丽市"
"2701","533103","芒市"
"2702","533122","梁河县"
"2703","533123","盈江县"
"2704","533124","陇川县"
"2705","533300","怒江傈僳族自治州"
"2706","533301","泸水市"
"2707","533323","福贡县"
"2708","533324","贡山独龙族怒族自治县"
"2709","533325","兰坪白族普米族自治县"
"2710","533400","迪庆藏族自治州"
"2711","533401","香格里拉市"
"2712","533422","德钦县"
"2713","533423","维西傈僳族自治县"
"2714","540000","西藏自治区"
"2715","540100","拉萨市"
"2716","540102","城关区"
"2717","540103","堆龙德庆区"
"2718","540104","达孜区"
"2719","540121","林周县"
"2720","540122","当雄县"
"2721","540123","尼木县"
"2722","540124","曲水县"
"2723","540127","墨竹工卡县"
"2724","540200","日喀则市"
"2725","540202","桑珠孜区"
"2726","540221","南木林县"
"2727","540222","江孜县"
"2728","540223","定日县"
"2729","","540224"
"2730","萨迦县",""
"2731","540225","拉孜县"
"2732","","540226"
"2733","昂仁县",""
"2734","540227","谢通门县"
"2735","","540228"
"2736","白朗县",""
"2737","540229","仁布县"
"2738","","540230"
"2739","康马县",""
"2740","540231","定结县"
"2741","","540232"
"2742","仲巴县",""
"2743","540233","亚东县"
"2744","","540234"
"2745","吉隆县",""
"2746","540235","聂拉木县"
"2747","","540236"
"2748","萨嘎县",""
"2749","540237","岗巴县"
"2750","","540300"
"2751","昌都市",""
"2752","540302","卡若区"
"2753","540321","江达县"
"2754","540322","贡觉县"
"2755","540323","类乌齐县"
"2756","540324","丁青县"
"2757","540325","察雅县"
"2758","540326","八宿县"
"2759","540327","左贡县"
"2760","540328","芒康县"
"2761","540329","洛隆县"
"2762","540330","边坝县"
"2763","540400","林芝市"
"2764","540402","巴宜区"
"2765","540421","工布江达县"
"2766","540422","米林县"
"2767","540423","墨脱县"
"2768","540424","波密县"
"2769","540425","察隅县"
"2770","540426","朗县"
"2771","540500","山南市"
"2772","540502","乃东区"
"2773","540521","扎囊县"
"2774","540522","贡嘎县"
"2775","540523","桑日县"
"2776","540524","琼结县"
"2777","540525","曲松县"
"2778","540526","措美县"
"2779","540527","洛扎县"
"2780","540528","加查县"
"2781","540529","隆子县"
"2782","540530","错那县"
"2783","540531","浪卡子县"
"2784","540600","那曲市"
"2785","540602","色尼区"
"2786","540621","嘉黎县<U+00A0>"
"2787","540622","比如县<U+00A0>"
"2788","540623","聂荣县<U+00A0>"
"2789","540624","安多县<U+00A0>"
"2790","540625","申扎县<U+00A0>"
"2791","540626","索县<U+00A0><U+00A0><U+00A0>"
"2792","540627","班戈县<U+00A0>"
"2793","540628","巴青县<U+00A0>"
"2794","540629","尼玛县<U+00A0>"
"2795","540630","双湖县<U+00A0>"
"2796","542500","阿里地区"
"2797","542521","普兰县"
"2798","542522","札达县"
"2799","542523","噶尔县"
"2800","542524","日土县"
"2801","542525","革吉县"
"2802","542526","改则县"
"2803","542527","措勤县"
"2804","610000","陕西省"
"2805","610100","西安市"
"2806","610102","新城区"
"2807","610103","碑林区"
"2808","610104","莲湖区"
"2809","610111","灞桥区"
"2810","610112","未央区"
"2811","610113","雁塔区"
"2812","610114","阎良区"
"2813","610115","临潼区"
"2814","610116","长安区"
"2815","610117","高陵区"
"2816","610118","鄠邑区"
"2817","610122","蓝田县"
"2818","610124","周至县"
"2819","610200","铜川市"
"2820","610202","王益区"
"2821","610203","印台区"
"2822","610204","耀州区"
"2823","610222","宜君县"
"2824","610300","宝鸡市"
"2825","610302","渭滨区"
"2826","610303","金台区"
"2827","610304","陈仓区"
"2828","610322","凤翔县"
"2829","610323","岐山县"
"2830","610324","扶风县"
"2831","610326","眉县"
"2832","610327","陇县"
"2833","610328","千阳县"
"2834","610329","麟游县"
"2835","610330","凤县"
"2836","610331","太白县"
"2837","610400","咸阳市"
"2838","610402","秦都区"
"2839","610403","杨陵区"
"2840","610404","渭城区"
"2841","610422","三原县"
"2842","610423","泾阳县"
"2843","610424","乾县"
"2844","610425","礼泉县"
"2845","610426","永寿县"
"2846","610428","长武县"
"2847","610429","旬邑县"
"2848","610430","淳化县"
"2849","610431","武功县"
"2850","610481","兴平市"
"2851","610482","彬州市"
"2852","610500","渭南市"
"2853","610502","临渭区"
"2854","610503","华州区"
"2855","610522","潼关县"
"2856","610523","大荔县"
"2857","610524","合阳县"
"2858","610525","澄城县"
"2859","610526","蒲城县"
"2860","610527","白水县"
"2861","610528","富平县"
"2862","610581","韩城市"
"2863","610582","华阴市"
"2864","610600","延安市"
"2865","610602","宝塔区"
"2866","610603","安塞区"
"2867","610621","延长县"
"2868","610622","延川县"
"2869","610623","子长县"
"2870","610625","志丹县"
"2871","610626","吴起县"
"2872","610627","甘泉县"
"2873","610628","富县"
"2874","610629","洛川县"
"2875","610630","宜川县"
"2876","610631","黄龙县"
"2877","610632","黄陵县"
"2878","610700","汉中市"
"2879","610702","汉台区"
"2880","610703","南郑区"
"2881","610722","城固县"
"2882","610723","洋县"
"2883","610724","西乡县"
"2884","610725","勉县"
"2885","610726","宁强县"
"2886","610727","略阳县"
"2887","610728","镇巴县"
"2888","610729","留坝县"
"2889","610730","佛坪县"
"2890","610800","榆林市"
"2891","610802","榆阳区"
"2892","610803","横山区"
"2893","610822","府谷县"
"2894","610824","靖边县"
"2895","610825","定边县"
"2896","610826","绥德县"
"2897","610827","米脂县"
"2898","610828","佳县"
"2899","610829","吴堡县"
"2900","610830","清涧县"
"2901","610831","子洲县"
"2902","610881","神木市"
"2903","610900","安康市"
"2904","610902","汉滨区"
"2905","610921","汉阴县"
"2906","610922","石泉县"
"2907","610923","宁陕县"
"2908","610924","紫阳县"
"2909","610925","岚皋县"
"2910","610926","平利县"
"2911","610927","镇坪县"
"2912","610928","旬阳县"
"2913","610929","白河县"
"2914","611000","商洛市"
"2915","611002","商州区"
"2916","611021","洛南县"
"2917","611022","丹凤县"
"2918","611023","商南县"
"2919","611024","山阳县"
"2920","611025","镇安县"
"2921","611026","柞水县"
"2922","620000","甘肃省"
"2923","620100","兰州市"
"2924","620102","城关区"
"2925","620103","七里河区"
"2926","620104","西固区"
"2927","620105","安宁区"
"2928","620111","红古区"
"2929","620121","永登县"
"2930","620122","皋兰县"
"2931","620123","榆中县"
"2932","620200","嘉峪关市"
"2933","620300","金昌市"
"2934","620302","金川区"
"2935","620321","永昌县"
"2936","620400","白银市"
"2937","620402","白银区"
"2938","620403","平川区"
"2939","620421","靖远县"
"2940","620422","会宁县"
"2941","620423","景泰县"
"2942","620500","天水市"
"2943","620502","秦州区"
"2944","620503","麦积区"
"2945","620521","清水县"
"2946","620522","秦安县"
"2947","620523","甘谷县"
"2948","620524","武山县"
"2949","620525","张家川回族自治县"
"2950","620600","武威市"
"2951","620602","凉州区"
"2952","620621","民勤县"
"2953","620622","古浪县"
"2954","620623","天祝藏族自治县"
"2955","620700","张掖市"
"2956","620702","甘州区"
"2957","620721","肃南裕固族自治县"
"2958","620722","民乐县"
"2959","620723","临泽县"
"2960","620724","高台县"
"2961","620725","山丹县"
"2962","620800","平凉市"
"2963","620802","崆峒区"
"2964","620821","泾川县"
"2965","620822","灵台县"
"2966","620823","崇信县"
"2967","620825","庄浪县"
"2968","620826","静宁县"
"2969","620881","华亭市"
"2970","620900","酒泉市"
"2971","620902","肃州区"
"2972","620921","金塔县"
"2973","620922","瓜州县"
"2974","620923","肃北蒙古族自治县"
"2975","620924","阿克塞哈萨克族自治县"
"2976","620981","玉门市"
"2977","620982","敦煌市"
"2978","621000","庆阳市"
"2979","621002","西峰区"
"2980","621021","庆城县"
"2981","621022","环县"
"2982","621023","华池县"
"2983","621024","合水县"
"2984","621025","正宁县"
"2985","621026","宁县"
"2986","621027","镇原县"
"2987","621100","定西市"
"2988","621102","安定区"
"2989","621121","通渭县"
"2990","621122","陇西县"
"2991","621123","渭源县"
"2992","621124","临洮县"
"2993","621125","漳县"
"2994","621126","岷县"
"2995","621200","陇南市"
"2996","621202","武都区"
"2997","621221","成县"
"2998","621222","文县"
"2999","621223","宕昌县"
"3000","621224","康县"
"3001","621225","西和县"
"3002","621226","礼县"
"3003","621227","徽县"
"3004","621228","两当县"
"3005","622900","临夏回族自治州"
"3006","622901","临夏市"
"3007","622921","临夏县"
"3008","622922","康乐县"
"3009","622923","永靖县"
"3010","622924","广河县"
"3011","622925","和政县"
"3012","622926","东乡族自治县"
"3013","622927","积石山保安族东乡族撒拉族自治县"
"3014","623000","甘南藏族自治州"
"3015","623001","合作市"
"3016","623021","临潭县"
"3017","623022","卓尼县"
"3018","623023","舟曲县"
"3019","623024","迭部县"
"3020","623025","玛曲县"
"3021","623026","碌曲县"
"3022","623027","夏河县"
"3023","630000","青海省"
"3024","630100","西宁市"
"3025","630102","城东区"
"3026","630103","城中区"
"3027","630104","城西区"
"3028","630105","城北区"
"3029","630121","大通回族土族自治县"
"3030","630122","湟中县"
"3031","630123","湟源县"
"3032","630200","海东市"
"3033","630202","乐都区"
"3034","630203","平安区"
"3035","630222","民和回族土族自治县"
"3036","630223","互助土族自治县"
"3037","630224","化隆回族自治县"
"3038","630225","循化撒拉族自治县"
"3039","632200","海北藏族自治州"
"3040","632221","门源回族自治县"
"3041","632222","祁连县"
"3042","632223","海晏县"
"3043","632224","刚察县"
"3044","632300","黄南藏族自治州"
"3045","632321","同仁县"
"3046","632322","尖扎县"
"3047","632323","泽库县"
"3048","632324","河南蒙古族自治县"
"3049","632500","海南藏族自治州"
"3050","632521","共和县"
"3051","632522","同德县"
"3052","632523","贵德县"
"3053","632524","兴海县"
"3054","632525","贵南县"
"3055","632600","果洛藏族自治州"
"3056","632621","玛沁县"
"3057","632622","班玛县"
"3058","632623","甘德县"
"3059","632624","达日县"
"3060","632625","久治县"
"3061","632626","玛多县"
"3062","632700","玉树藏族自治州"
"3063","632701","玉树市"
"3064","632722","杂多县"
"3065","632723","称多县"
"3066","632724","治多县"
"3067","632725","囊谦县"
"3068","632726","曲麻莱县"
"3069","632800","海西蒙古族藏族自治州"
"3070","632801","格尔木市"
"3071","632802","德令哈市"
"3072","632803","茫崖市"
"3073","632821","乌兰县"
"3074","632822","都兰县"
"3075","632823","天峻县"
"3076","640000","宁夏回族自治区"
"3077","640100","银川市"
"3078","640104","兴庆区"
"3079","640105","西夏区"
"3080","640106","金凤区"
"3081","640121","永宁县"
"3082","640122","贺兰县"
"3083","640181","灵武市"
"3084","640200","石嘴山市"
"3085","640202","大武口区"
"3086","640205","惠农区"
"3087","640221","平罗县"
"3088","640300","吴忠市"
"3089","640302","利通区"
"3090","640303","红寺堡区"
"3091","640323","盐池县"
"3092","640324","同心县"
"3093","640381","青铜峡市"
"3094","640400","固原市"
"3095","640402","原州区"
"3096","640422","西吉县"
"3097","640423","隆德县"
"3098","640424","泾源县"
"3099","640425","彭阳县"
"3100","640500","中卫市"
"3101","640502","沙坡头区"
"3102","640521","中宁县"
"3103","640522","海原县"
"3104","650000","新疆维吾尔自治区"
"3105","650100","乌鲁木齐市"
"3106","650102","天山区"
"3107","650103","沙依巴克区"
"3108","650104","新市区"
"3109","650105","水磨沟区"
"3110","650106","头屯河区"
"3111","650107","达坂城区"
"3112","650109","米东区"
"3113","650121","乌鲁木齐县"
"3114","650200","克拉玛依市"
"3115","650202","独山子区"
"3116","650203","克拉玛依区"
"3117","650204","白碱滩区"
"3118","650205","乌尔禾区"
"3119","650400","吐鲁番市"
"3120","650402","高昌区"
"3121","650421","鄯善县"
"3122","650422","托克逊县"
"3123","650500","哈密市"
"3124","650502","伊州区"
"3125","650521","巴里坤哈萨克自治县"
"3126","650522","伊吾县"
"3127","652300","昌吉回族自治州"
"3128","652301","昌吉市"
"3129","652302","阜康市"
"3130","652323","呼图壁县"
"3131","652324","玛纳斯县"
"3132","652325","奇台县"
"3133","652327","吉木萨尔县"
"3134","652328","木垒哈萨克自治县"
"3135","652700","博尔塔拉蒙古自治州"
"3136","652701","博乐市"
"3137","652702","阿拉山口市"
"3138","652722","精河县"
"3139","652723","温泉县"
"3140","652800","巴音郭楞蒙古自治州"
"3141","652801","库尔勒市"
"3142","652822","轮台县"
"3143","652823","尉犁县"
"3144","652824","若羌县"
"3145","652825","且末县"
"3146","652826","焉耆回族自治县"
"3147","652827","和静县"
"3148","652828","和硕县"
"3149","652829","博湖县"
"3150","652900","阿克苏地区"
"3151","652901","阿克苏市"
"3152","652922","温宿县"
"3153","652923","库车县"
"3154","652924","沙雅县"
"3155","652925","新和县"
"3156","652926","拜城县"
"3157","652927","乌什县"
"3158","652928","阿瓦提县"
"3159","652929","柯坪县"
"3160","653000","克孜勒苏柯尔克孜自治州"
"3161","653001","阿图什市"
"3162","653022","阿克陶县"
"3163","653023","阿合奇县"
"3164","653024","乌恰县"
"3165","653100","喀什地区"
"3166","653101","喀什市"
"3167","653121","疏附县"
"3168","653122","疏勒县"
"3169","653123","英吉沙县"
"3170","653124","泽普县"
"3171","653125","莎车县"
"3172","653126","叶城县"
"3173","653127","麦盖提县"
"3174","653128","岳普湖县"
"3175","653129","伽师县"
"3176","653130","巴楚县"
"3177","653131","塔什库尔干塔吉克自治县"
"3178","653200","和田地区"
"3179","653201","和田市"
"3180","653221","和田县"
"3181","653222","墨玉县"
"3182","653223","皮山县"
"3183","653224","洛浦县"
"3184","653225","策勒县"
"3185","653226","于田县"
"3186","653227","民丰县"
"3187","654000","伊犁哈萨克自治州"
"3188","654002","伊宁市"
"3189","654003","奎屯市"
"3190","654004","霍尔果斯市"
"3191","654021","伊宁县"
"3192","654022","察布查尔锡伯自治县"
"3193","654023","霍城县"
"3194","654024","巩留县"
"3195","654025","新源县"
"3196","654026","昭苏县"
"3197","654027","特克斯县"
"3198","654028","尼勒克县"
"3199","654200","塔城地区"
"3200","654201","塔城市"
"3201","654202","乌苏市"
"3202","654221","额敏县"
"3203","654223","沙湾县"
"3204","654224","托里县"
"3205","654225","裕民县"
"3206","654226","和布克赛尔蒙古自治县"
"3207","654300","阿勒泰地区"
"3208","654301","阿勒泰市"
"3209","654321","布尔津县"
"3210","654322","富蕴县"
"3211","654323","福海县"
"3212","654324","哈巴河县"
"3213","654325","青河县"
"3214","654326","吉木乃县"
"3215","659001","石河子市"
"3216","659002","阿拉尔市"
"3217","659003","图木舒克市"
"3218","659004","五家渠市"
"3219","659005","北屯市"
"3220","659006","铁门关市"
"3221","659007","双河市"
"3222","659008","可克达拉市"
"3223","659009","昆玉市"
"3224","710000","台湾省"
"3225","810000","香港特别行政区"
"3226","820000","澳门特别行政区"
